--------------------------------------------------------
-- Archivo creado  - lunes-mayo-12-2025   
--------------------------------------------------------
DROP SEQUENCE "UACH_AS"."ASESORIAS_SEQ";
DROP SEQUENCE "UACH_AS"."DOCENTE_HORARIO_SEQ";
DROP SEQUENCE "UACH_AS"."ISEQ$$_79639";
DROP SEQUENCE "UACH_AS"."POSTS_SEQ";
DROP SEQUENCE "UACH_AS"."RESPONSES_SEQ";
DROP TABLE "UACH_AS"."ADMINISTRADOR" cascade constraints;
DROP TABLE "UACH_AS"."ALUMNOS" cascade constraints;
DROP TABLE "UACH_AS"."ASESORIAS" cascade constraints;
DROP TABLE "UACH_AS"."CARRERA" cascade constraints;
DROP TABLE "UACH_AS"."DOCENTE_HORARIO" cascade constraints;
DROP TABLE "UACH_AS"."DOCENTE_HORARIO_BKP" cascade constraints;
DROP TABLE "UACH_AS"."DOCENTE_MATERIA" cascade constraints;
DROP TABLE "UACH_AS"."DOCENTES" cascade constraints;
DROP TABLE "UACH_AS"."HORARIOS" cascade constraints;
DROP TABLE "UACH_AS"."MATERIAS" cascade constraints;
DROP TABLE "UACH_AS"."POSTS" cascade constraints;
DROP TABLE "UACH_AS"."RESPONSES" cascade constraints;
DROP TABLE "UACH_AS"."SEMESTRE" cascade constraints;
DROP TABLE "UACH_AS"."USUARIOS" cascade constraints;
--------------------------------------------------------
--  DDL for Sequence ASESORIAS_SEQ
--------------------------------------------------------

   CREATE SEQUENCE  "UACH_AS"."ASESORIAS_SEQ"  MINVALUE 1 MAXVALUE 9999999999999999999999999999 INCREMENT BY 1 START WITH 4 NOCACHE  NOORDER  NOCYCLE  NOKEEP  NOSCALE  GLOBAL ;
--------------------------------------------------------
--  DDL for Sequence DOCENTE_HORARIO_SEQ
--------------------------------------------------------

   CREATE SEQUENCE  "UACH_AS"."DOCENTE_HORARIO_SEQ"  MINVALUE 1 MAXVALUE 9999999999999999999999999999 INCREMENT BY 1 START WITH 20 NOCACHE  NOORDER  NOCYCLE  NOKEEP  NOSCALE  GLOBAL ;
--------------------------------------------------------
--  DDL for Sequence POSTS_SEQ
--------------------------------------------------------

   CREATE SEQUENCE  "UACH_AS"."POSTS_SEQ"  MINVALUE 1 MAXVALUE 9999999999999999999999999999 INCREMENT BY 1 START WITH 81 CACHE 20 NOORDER  NOCYCLE  NOKEEP  NOSCALE  GLOBAL ;
--------------------------------------------------------
--  DDL for Sequence RESPONSES_SEQ
--------------------------------------------------------

   CREATE SEQUENCE  "UACH_AS"."RESPONSES_SEQ"  MINVALUE 1 MAXVALUE 9999999999999999999999999999 INCREMENT BY 1 START WITH 16 NOCACHE  NOORDER  NOCYCLE  NOKEEP  NOSCALE  GLOBAL ;
--------------------------------------------------------
--  DDL for Table ADMINISTRADOR
--------------------------------------------------------

  CREATE TABLE "UACH_AS"."ADMINISTRADOR" 
   (	"ADMIN_ID" NUMBER(*,0), 
	"CORREO" VARCHAR2(100 BYTE), 
	"CONTRASENA" VARCHAR2(255 BYTE), 
	"NOMBRE" VARCHAR2(100 BYTE), 
	"APELLIDO1" VARCHAR2(100 BYTE), 
	"APELLIDO2" VARCHAR2(100 BYTE), 
	"ROL" VARCHAR2(50 BYTE), 
	"PERFIL" VARCHAR2(255 BYTE)
   ) SEGMENT CREATION IMMEDIATE 
  PCTFREE 10 PCTUSED 40 INITRANS 1 MAXTRANS 255 
 NOCOMPRESS LOGGING
  STORAGE(INITIAL 65536 NEXT 1048576 MINEXTENTS 1 MAXEXTENTS 2147483645
  PCTINCREASE 0 FREELISTS 1 FREELIST GROUPS 1
  BUFFER_POOL DEFAULT FLASH_CACHE DEFAULT CELL_FLASH_CACHE DEFAULT)
  TABLESPACE "USERS" ;
--------------------------------------------------------
--  DDL for Table ALUMNOS
--------------------------------------------------------

  CREATE TABLE "UACH_AS"."ALUMNOS" 
   (	"MATRICULA" NUMBER(*,0), 
	"NOMBRE" VARCHAR2(100 BYTE), 
	"APE1" VARCHAR2(100 BYTE), 
	"APE2" VARCHAR2(100 BYTE), 
	"CORREO" VARCHAR2(100 BYTE), 
	"PERFIL" VARCHAR2(255 BYTE), 
	"ROL" VARCHAR2(50 BYTE), 
	"CONTRA_ALUM" VARCHAR2(255 BYTE), 
	"PROGRAMA" NUMBER(*,0), 
	"SEMESTRE" NUMBER(*,0)
   ) SEGMENT CREATION IMMEDIATE 
  PCTFREE 10 PCTUSED 40 INITRANS 1 MAXTRANS 255 
 NOCOMPRESS LOGGING
  STORAGE(INITIAL 65536 NEXT 1048576 MINEXTENTS 1 MAXEXTENTS 2147483645
  PCTINCREASE 0 FREELISTS 1 FREELIST GROUPS 1
  BUFFER_POOL DEFAULT FLASH_CACHE DEFAULT CELL_FLASH_CACHE DEFAULT)
  TABLESPACE "USERS" ;
--------------------------------------------------------
--  DDL for Table ASESORIAS
--------------------------------------------------------

  CREATE TABLE "UACH_AS"."ASESORIAS" 
   (	"ID_AS" NUMBER(*,0), 
	"MODALIDAD" VARCHAR2(20 BYTE), 
	"ID_ALUMNO" NUMBER(*,0), 
	"ID_DOCENTE" NUMBER(*,0), 
	"ID_MATERIA" NUMBER(*,0), 
	"ID_DOCENTE_HORARIO" NUMBER(*,0)
   ) SEGMENT CREATION IMMEDIATE 
  PCTFREE 10 PCTUSED 40 INITRANS 1 MAXTRANS 255 
 NOCOMPRESS LOGGING
  STORAGE(INITIAL 65536 NEXT 1048576 MINEXTENTS 1 MAXEXTENTS 2147483645
  PCTINCREASE 0 FREELISTS 1 FREELIST GROUPS 1
  BUFFER_POOL DEFAULT FLASH_CACHE DEFAULT CELL_FLASH_CACHE DEFAULT)
  TABLESPACE "USERS" ;
--------------------------------------------------------
--  DDL for Table CARRERA
--------------------------------------------------------

  CREATE TABLE "UACH_AS"."CARRERA" 
   (	"ID_CARRERA" NUMBER(*,0), 
	"NOMBRE_CARRERA" VARCHAR2(60 BYTE)
   ) SEGMENT CREATION IMMEDIATE 
  PCTFREE 10 PCTUSED 40 INITRANS 1 MAXTRANS 255 
 NOCOMPRESS LOGGING
  STORAGE(INITIAL 65536 NEXT 1048576 MINEXTENTS 1 MAXEXTENTS 2147483645
  PCTINCREASE 0 FREELISTS 1 FREELIST GROUPS 1
  BUFFER_POOL DEFAULT FLASH_CACHE DEFAULT CELL_FLASH_CACHE DEFAULT)
  TABLESPACE "USERS" ;
--------------------------------------------------------
--  DDL for Table DOCENTE_HORARIO
--------------------------------------------------------

  CREATE TABLE "UACH_AS"."DOCENTE_HORARIO" 
   (	"ID_DOCENTE_HORARIO" NUMBER(*,0), 
	"OCUPADO" NUMBER(1,0), 
	"ID_DOCENTE" NUMBER(*,0), 
	"ID_HORARIO" NUMBER(*,0)
   ) SEGMENT CREATION IMMEDIATE 
  PCTFREE 10 PCTUSED 40 INITRANS 1 MAXTRANS 255 
 NOCOMPRESS LOGGING
  STORAGE(INITIAL 65536 NEXT 1048576 MINEXTENTS 1 MAXEXTENTS 2147483645
  PCTINCREASE 0 FREELISTS 1 FREELIST GROUPS 1
  BUFFER_POOL DEFAULT FLASH_CACHE DEFAULT CELL_FLASH_CACHE DEFAULT)
  TABLESPACE "USERS" ;
--------------------------------------------------------
--  DDL for Table DOCENTE_HORARIO_BKP
--------------------------------------------------------

  CREATE TABLE "UACH_AS"."DOCENTE_HORARIO_BKP" 
   (	"ID_DOCENTE_HORARIO" NUMBER(*,0), 
	"OCUPADO" NUMBER(1,0), 
	"ID_DOCENTE" NUMBER(*,0), 
	"ID_HORARIO" NUMBER(*,0)
   ) SEGMENT CREATION IMMEDIATE 
  PCTFREE 10 PCTUSED 40 INITRANS 1 MAXTRANS 255 
 NOCOMPRESS LOGGING
  STORAGE(INITIAL 65536 NEXT 1048576 MINEXTENTS 1 MAXEXTENTS 2147483645
  PCTINCREASE 0 FREELISTS 1 FREELIST GROUPS 1
  BUFFER_POOL DEFAULT FLASH_CACHE DEFAULT CELL_FLASH_CACHE DEFAULT)
  TABLESPACE "USERS" ;
--------------------------------------------------------
--  DDL for Table DOCENTE_MATERIA
--------------------------------------------------------

  CREATE TABLE "UACH_AS"."DOCENTE_MATERIA" 
   (	"ID_MATERIA" NUMBER(*,0), 
	"ID_DOCENTE" NUMBER(*,0)
   ) SEGMENT CREATION IMMEDIATE 
  PCTFREE 10 PCTUSED 40 INITRANS 1 MAXTRANS 255 
 NOCOMPRESS LOGGING
  STORAGE(INITIAL 65536 NEXT 1048576 MINEXTENTS 1 MAXEXTENTS 2147483645
  PCTINCREASE 0 FREELISTS 1 FREELIST GROUPS 1
  BUFFER_POOL DEFAULT FLASH_CACHE DEFAULT CELL_FLASH_CACHE DEFAULT)
  TABLESPACE "USERS" ;
--------------------------------------------------------
--  DDL for Table DOCENTES
--------------------------------------------------------

  CREATE TABLE "UACH_AS"."DOCENTES" 
   (	"ID_DOCENTE" NUMBER(*,0), 
	"NOMBRE_DOC" VARCHAR2(100 BYTE), 
	"APELLIDO" VARCHAR2(100 BYTE), 
	"CORREO" VARCHAR2(100 BYTE), 
	"APEI2" VARCHAR2(100 BYTE), 
	"PERFIL" VARCHAR2(255 BYTE), 
	"ROL_DOC" VARCHAR2(50 BYTE), 
	"CONTRA_DOCENTE" VARCHAR2(255 BYTE), 
	"ID_CARRERA_MAT" NUMBER(*,0), 
	"ID_MAT_AS" NUMBER(*,0)
   ) SEGMENT CREATION IMMEDIATE 
  PCTFREE 10 PCTUSED 40 INITRANS 1 MAXTRANS 255 
 NOCOMPRESS LOGGING
  STORAGE(INITIAL 65536 NEXT 1048576 MINEXTENTS 1 MAXEXTENTS 2147483645
  PCTINCREASE 0 FREELISTS 1 FREELIST GROUPS 1
  BUFFER_POOL DEFAULT FLASH_CACHE DEFAULT CELL_FLASH_CACHE DEFAULT)
  TABLESPACE "USERS" ;
--------------------------------------------------------
--  DDL for Table HORARIOS
--------------------------------------------------------

  CREATE TABLE "UACH_AS"."HORARIOS" 
   (	"ID_HORARIO" NUMBER(*,0), 
	"HORA_INICIO" TIMESTAMP (6), 
	"DIA" VARCHAR2(10 BYTE)
   ) SEGMENT CREATION IMMEDIATE 
  PCTFREE 10 PCTUSED 40 INITRANS 1 MAXTRANS 255 
 NOCOMPRESS LOGGING
  STORAGE(INITIAL 65536 NEXT 1048576 MINEXTENTS 1 MAXEXTENTS 2147483645
  PCTINCREASE 0 FREELISTS 1 FREELIST GROUPS 1
  BUFFER_POOL DEFAULT FLASH_CACHE DEFAULT CELL_FLASH_CACHE DEFAULT)
  TABLESPACE "USERS" ;
--------------------------------------------------------
--  DDL for Table MATERIAS
--------------------------------------------------------

  CREATE TABLE "UACH_AS"."MATERIAS" 
   (	"ID_MATERIA" NUMBER(*,0), 
	"N_MAT" VARCHAR2(100 BYTE), 
	"N_CARR" NUMBER(*,0), 
	"N_SEM" NUMBER(*,0)
   ) SEGMENT CREATION IMMEDIATE 
  PCTFREE 10 PCTUSED 40 INITRANS 1 MAXTRANS 255 
 NOCOMPRESS LOGGING
  STORAGE(INITIAL 65536 NEXT 1048576 MINEXTENTS 1 MAXEXTENTS 2147483645
  PCTINCREASE 0 FREELISTS 1 FREELIST GROUPS 1
  BUFFER_POOL DEFAULT FLASH_CACHE DEFAULT CELL_FLASH_CACHE DEFAULT)
  TABLESPACE "USERS" ;
--------------------------------------------------------
--  DDL for Table POSTS
--------------------------------------------------------

  CREATE TABLE "UACH_AS"."POSTS" 
   (	"ID" NUMBER(*,0), 
	"AUTHOR" VARCHAR2(255 BYTE), 
	"ROLE" VARCHAR2(255 BYTE), 
	"CONTENT" VARCHAR2(4000 BYTE), 
	"IMAGEURL" VARCHAR2(255 BYTE), 
	"CREATEDAT" TIMESTAMP (6), 
	"UPDATEDAT" TIMESTAMP (6), 
	"PDFURL" VARCHAR2(255 BYTE)
   ) SEGMENT CREATION IMMEDIATE 
  PCTFREE 10 PCTUSED 40 INITRANS 1 MAXTRANS 255 
 NOCOMPRESS LOGGING
  STORAGE(INITIAL 65536 NEXT 1048576 MINEXTENTS 1 MAXEXTENTS 2147483645
  PCTINCREASE 0 FREELISTS 1 FREELIST GROUPS 1
  BUFFER_POOL DEFAULT FLASH_CACHE DEFAULT CELL_FLASH_CACHE DEFAULT)
  TABLESPACE "USERS" ;
--------------------------------------------------------
--  DDL for Table RESPONSES
--------------------------------------------------------

  CREATE TABLE "UACH_AS"."RESPONSES" 
   (	"ID" NUMBER GENERATED ALWAYS AS IDENTITY MINVALUE 1 MAXVALUE 9999999999999999999999999999 INCREMENT BY 1 START WITH 1 CACHE 20 NOORDER  NOCYCLE  NOKEEP  NOSCALE , 
	"POST_ID" NUMBER, 
	"AUTHOR" VARCHAR2(255 BYTE), 
	"ROLE" VARCHAR2(100 BYTE), 
	"CONTENT" VARCHAR2(4000 BYTE), 
	"IMAGEURL" VARCHAR2(255 BYTE), 
	"PDFURL" VARCHAR2(255 BYTE), 
	"CREATEDAT" TIMESTAMP (6) DEFAULT CURRENT_TIMESTAMP, 
	"UPDATEDAT" TIMESTAMP (6) DEFAULT CURRENT_TIMESTAMP
   ) SEGMENT CREATION IMMEDIATE 
  PCTFREE 10 PCTUSED 40 INITRANS 1 MAXTRANS 255 
 NOCOMPRESS LOGGING
  STORAGE(INITIAL 65536 NEXT 1048576 MINEXTENTS 1 MAXEXTENTS 2147483645
  PCTINCREASE 0 FREELISTS 1 FREELIST GROUPS 1
  BUFFER_POOL DEFAULT FLASH_CACHE DEFAULT CELL_FLASH_CACHE DEFAULT)
  TABLESPACE "USERS" ;
--------------------------------------------------------
--  DDL for Table SEMESTRE
--------------------------------------------------------

  CREATE TABLE "UACH_AS"."SEMESTRE" 
   (	"ID" NUMBER(*,0), 
	"SEM" VARCHAR2(20 BYTE)
   ) SEGMENT CREATION IMMEDIATE 
  PCTFREE 10 PCTUSED 40 INITRANS 1 MAXTRANS 255 
 NOCOMPRESS LOGGING
  STORAGE(INITIAL 65536 NEXT 1048576 MINEXTENTS 1 MAXEXTENTS 2147483645
  PCTINCREASE 0 FREELISTS 1 FREELIST GROUPS 1
  BUFFER_POOL DEFAULT FLASH_CACHE DEFAULT CELL_FLASH_CACHE DEFAULT)
  TABLESPACE "USERS" ;
--------------------------------------------------------
--  DDL for Table USUARIOS
--------------------------------------------------------

  CREATE TABLE "UACH_AS"."USUARIOS" 
   (	"ID_USER" NUMBER(*,0), 
	"USERS" VARCHAR2(50 BYTE)
   ) SEGMENT CREATION IMMEDIATE 
  PCTFREE 10 PCTUSED 40 INITRANS 1 MAXTRANS 255 
 NOCOMPRESS LOGGING
  STORAGE(INITIAL 65536 NEXT 1048576 MINEXTENTS 1 MAXEXTENTS 2147483645
  PCTINCREASE 0 FREELISTS 1 FREELIST GROUPS 1
  BUFFER_POOL DEFAULT FLASH_CACHE DEFAULT CELL_FLASH_CACHE DEFAULT)
  TABLESPACE "USERS" ;
REM INSERTING into UACH_AS.ADMINISTRADOR
SET DEFINE OFF;
Insert into UACH_AS.ADMINISTRADOR (ADMIN_ID,CORREO,CONTRASENA,NOMBRE,APELLIDO1,APELLIDO2,ROL,PERFIL) values (2435,'lluna@uach.mx','$2a$10$5fWtOfJDB1Pr.vXBqgPwbuo1.Ug3I8C59FJhjA.Jo5Q8oxafRZgBa','Luis Angel','Luna','Hernandez','admin','/uploads/1716277800332-.jpeg');
Insert into UACH_AS.ADMINISTRADOR (ADMIN_ID,CORREO,CONTRASENA,NOMBRE,APELLIDO1,APELLIDO2,ROL,PERFIL) values (113344,'rgonzalez@uach.mx','$2a$10$Ffaoz1T2oFmIIXrZS8E19uOnN9cLbvOKOze5Uo8HOhpQZZks1Q2kK','Rogelio','Gonzales','Hernandez','admin',null);
Insert into UACH_AS.ADMINISTRADOR (ADMIN_ID,CORREO,CONTRASENA,NOMBRE,APELLIDO1,APELLIDO2,ROL,PERFIL) values (232111,'imacias@uach.mx','$2a$10$kWbH4yoGSFopnjV5pnaZ3.GZAu.uFPpS30FEnqR4CARvERJ3O7rI.','Isabel Lourdes','Macias','Garcia','admin','/uploads/1747069268863.png');
Insert into UACH_AS.ADMINISTRADOR (ADMIN_ID,CORREO,CONTRASENA,NOMBRE,APELLIDO1,APELLIDO2,ROL,PERFIL) values (5207,'mchacon@uach.mx','$2a$10$/bilY4lTNWliw/Y.agIT0exTgJMhr8fKDOP5yDzi2qcMI1oPGld36','Martin','Chacon','Orduno','admin',null);
Insert into UACH_AS.ADMINISTRADOR (ADMIN_ID,CORREO,CONTRASENA,NOMBRE,APELLIDO1,APELLIDO2,ROL,PERFIL) values (0,null,'$2a$10$bG/SeC.bFTIPEyyWygRLBuNfLbqFF6IOzcfU0qRi6MriE4XdNNkUe',null,null,null,'admin',null);
Insert into UACH_AS.ADMINISTRADOR (ADMIN_ID,CORREO,CONTRASENA,NOMBRE,APELLIDO1,APELLIDO2,ROL,PERFIL) values (9,'ebarragan@uach.mx','$2a$10$NCVkIfs1XGo1EyphK4DVwOlZtX2QeRS1sQ/toCWB9vlvuK9pjI.uy','Esteban','Barragan','Bernal','admin',null);
REM INSERTING into UACH_AS.ALUMNOS
SET DEFINE OFF;
Insert into UACH_AS.ALUMNOS (MATRICULA,NOMBRE,APE1,APE2,CORREO,PERFIL,ROL,CONTRA_ALUM,PROGRAMA,SEMESTRE) values (345911,'Genaro','Rodriguez','Madrid','grodriguez@uach.mx',null,'student','$2a$10$EKO1QEqzfAZXde1r2PvnTOwv/SUNvp2IIrIKphj.ONBiU6RVleVwK',2,4);
Insert into UACH_AS.ALUMNOS (MATRICULA,NOMBRE,APE1,APE2,CORREO,PERFIL,ROL,CONTRA_ALUM,PROGRAMA,SEMESTRE) values (348760,'Juan','Garcia','Lopez','a348760@uach.mx','/uploads/1716276821837-.jpg','student','$2a$10$EQaNGXQN6enP0LxDeED1G..CAfSbClDiGIG3JSw6lR4UbXNKl7Zfe',3,5);
Insert into UACH_AS.ALUMNOS (MATRICULA,NOMBRE,APE1,APE2,CORREO,PERFIL,ROL,CONTRA_ALUM,PROGRAMA,SEMESTRE) values (356902,'Elizabeth','Fernandez','Rodriguez','a356902@uach.mx','/uploads/1747070389740.png','student','$2a$10$Am5LHQr2yocXovmW7rqSa..6GMWuv83eqBFX6wvhVBEItibo1VPJi',1,1);
Insert into UACH_AS.ALUMNOS (MATRICULA,NOMBRE,APE1,APE2,CORREO,PERFIL,ROL,CONTRA_ALUM,PROGRAMA,SEMESTRE) values (391816,'Juan','Rodriguez','Ledesma','a391816@uach.mx',null,'student','$2a$10$yqjPDspJIEMJ9WzLBdZtk.cDz9F5JnaP9.j0AwjSGPe3CLo9NGd7y',2,1);
Insert into UACH_AS.ALUMNOS (MATRICULA,NOMBRE,APE1,APE2,CORREO,PERFIL,ROL,CONTRA_ALUM,PROGRAMA,SEMESTRE) values (484040,'Diana','Perez','Ruiz','a484040@uach.mx',null,'student','$2a$10$3lfhnlWTWizR672aW1Uzze6EX7gZ031eV1y9LuYrY4XXxJ1PwcLq2',3,1);
Insert into UACH_AS.ALUMNOS (MATRICULA,NOMBRE,APE1,APE2,CORREO,PERFIL,ROL,CONTRA_ALUM,PROGRAMA,SEMESTRE) values (389097,'Kenia','Lopez','Orduno','a389097@uach.mx','/uploads/1747094552852.png','student','$2a$10$DzXHftjC6lkDQBOkLb09UOlWvD4UsCP.KCFR7rYhUv7FC5IAABN9W',5,1);
REM INSERTING into UACH_AS.ASESORIAS
SET DEFINE OFF;
Insert into UACH_AS.ASESORIAS (ID_AS,MODALIDAD,ID_ALUMNO,ID_DOCENTE,ID_MATERIA,ID_DOCENTE_HORARIO) values (1,'0',389097,987301,72,19);
Insert into UACH_AS.ASESORIAS (ID_AS,MODALIDAD,ID_ALUMNO,ID_DOCENTE,ID_MATERIA,ID_DOCENTE_HORARIO) values (3,'1',356902,987301,2,18);
REM INSERTING into UACH_AS.CARRERA
SET DEFINE OFF;
Insert into UACH_AS.CARRERA (ID_CARRERA,NOMBRE_CARRERA) values (0,'Opciones ');
Insert into UACH_AS.CARRERA (ID_CARRERA,NOMBRE_CARRERA) values (1,'Ingenieria Aeroespacial');
Insert into UACH_AS.CARRERA (ID_CARRERA,NOMBRE_CARRERA) values (2,'Ingenieria Civil');
Insert into UACH_AS.CARRERA (ID_CARRERA,NOMBRE_CARRERA) values (3,'Ingenieria en ciencias de la computacion');
Insert into UACH_AS.CARRERA (ID_CARRERA,NOMBRE_CARRERA) values (5,'Ingenieria en sistemas computacionales en hardware');
Insert into UACH_AS.CARRERA (ID_CARRERA,NOMBRE_CARRERA) values (6,'Ingenieria en sistemas topograficos');
Insert into UACH_AS.CARRERA (ID_CARRERA,NOMBRE_CARRERA) values (7,'Ingenieria en tecnologias de procesos ');
Insert into UACH_AS.CARRERA (ID_CARRERA,NOMBRE_CARRERA) values (8,'Ingeniero Fisico');
Insert into UACH_AS.CARRERA (ID_CARRERA,NOMBRE_CARRERA) values (9,'Ingeniero Geologo');
Insert into UACH_AS.CARRERA (ID_CARRERA,NOMBRE_CARRERA) values (10,'Ingenieria en Minas');
REM INSERTING into UACH_AS.DOCENTE_HORARIO
SET DEFINE OFF;
Insert into UACH_AS.DOCENTE_HORARIO (ID_DOCENTE_HORARIO,OCUPADO,ID_DOCENTE,ID_HORARIO) values (1,0,2419,1);
Insert into UACH_AS.DOCENTE_HORARIO (ID_DOCENTE_HORARIO,OCUPADO,ID_DOCENTE,ID_HORARIO) values (2,0,2419,2);
Insert into UACH_AS.DOCENTE_HORARIO (ID_DOCENTE_HORARIO,OCUPADO,ID_DOCENTE,ID_HORARIO) values (3,0,2419,3);
Insert into UACH_AS.DOCENTE_HORARIO (ID_DOCENTE_HORARIO,OCUPADO,ID_DOCENTE,ID_HORARIO) values (4,0,2419,6);
Insert into UACH_AS.DOCENTE_HORARIO (ID_DOCENTE_HORARIO,OCUPADO,ID_DOCENTE,ID_HORARIO) values (5,0,2419,12);
Insert into UACH_AS.DOCENTE_HORARIO (ID_DOCENTE_HORARIO,OCUPADO,ID_DOCENTE,ID_HORARIO) values (6,0,2419,19);
Insert into UACH_AS.DOCENTE_HORARIO (ID_DOCENTE_HORARIO,OCUPADO,ID_DOCENTE,ID_HORARIO) values (7,0,2419,26);
Insert into UACH_AS.DOCENTE_HORARIO (ID_DOCENTE_HORARIO,OCUPADO,ID_DOCENTE,ID_HORARIO) values (8,0,2419,31);
Insert into UACH_AS.DOCENTE_HORARIO (ID_DOCENTE_HORARIO,OCUPADO,ID_DOCENTE,ID_HORARIO) values (9,0,2419,40);
Insert into UACH_AS.DOCENTE_HORARIO (ID_DOCENTE_HORARIO,OCUPADO,ID_DOCENTE,ID_HORARIO) values (10,0,2419,45);
Insert into UACH_AS.DOCENTE_HORARIO (ID_DOCENTE_HORARIO,OCUPADO,ID_DOCENTE,ID_HORARIO) values (11,0,2419,47);
Insert into UACH_AS.DOCENTE_HORARIO (ID_DOCENTE_HORARIO,OCUPADO,ID_DOCENTE,ID_HORARIO) values (12,0,987301,3);
Insert into UACH_AS.DOCENTE_HORARIO (ID_DOCENTE_HORARIO,OCUPADO,ID_DOCENTE,ID_HORARIO) values (13,0,987301,4);
Insert into UACH_AS.DOCENTE_HORARIO (ID_DOCENTE_HORARIO,OCUPADO,ID_DOCENTE,ID_HORARIO) values (14,0,987301,5);
Insert into UACH_AS.DOCENTE_HORARIO (ID_DOCENTE_HORARIO,OCUPADO,ID_DOCENTE,ID_HORARIO) values (15,0,987301,18);
Insert into UACH_AS.DOCENTE_HORARIO (ID_DOCENTE_HORARIO,OCUPADO,ID_DOCENTE,ID_HORARIO) values (16,0,987301,21);
Insert into UACH_AS.DOCENTE_HORARIO (ID_DOCENTE_HORARIO,OCUPADO,ID_DOCENTE,ID_HORARIO) values (17,0,987301,26);
Insert into UACH_AS.DOCENTE_HORARIO (ID_DOCENTE_HORARIO,OCUPADO,ID_DOCENTE,ID_HORARIO) values (18,1,987301,29);
Insert into UACH_AS.DOCENTE_HORARIO (ID_DOCENTE_HORARIO,OCUPADO,ID_DOCENTE,ID_HORARIO) values (19,1,987301,33);
REM INSERTING into UACH_AS.DOCENTE_HORARIO_BKP
SET DEFINE OFF;
Insert into UACH_AS.DOCENTE_HORARIO_BKP (ID_DOCENTE_HORARIO,OCUPADO,ID_DOCENTE,ID_HORARIO) values (101,0,9876,1);
Insert into UACH_AS.DOCENTE_HORARIO_BKP (ID_DOCENTE_HORARIO,OCUPADO,ID_DOCENTE,ID_HORARIO) values (102,0,9876,2);
Insert into UACH_AS.DOCENTE_HORARIO_BKP (ID_DOCENTE_HORARIO,OCUPADO,ID_DOCENTE,ID_HORARIO) values (103,0,9876,3);
Insert into UACH_AS.DOCENTE_HORARIO_BKP (ID_DOCENTE_HORARIO,OCUPADO,ID_DOCENTE,ID_HORARIO) values (104,0,9876,4);
Insert into UACH_AS.DOCENTE_HORARIO_BKP (ID_DOCENTE_HORARIO,OCUPADO,ID_DOCENTE,ID_HORARIO) values (105,1,9876,5);
Insert into UACH_AS.DOCENTE_HORARIO_BKP (ID_DOCENTE_HORARIO,OCUPADO,ID_DOCENTE,ID_HORARIO) values (106,0,9876,6);
Insert into UACH_AS.DOCENTE_HORARIO_BKP (ID_DOCENTE_HORARIO,OCUPADO,ID_DOCENTE,ID_HORARIO) values (107,0,9876,7);
Insert into UACH_AS.DOCENTE_HORARIO_BKP (ID_DOCENTE_HORARIO,OCUPADO,ID_DOCENTE,ID_HORARIO) values (108,0,9876,8);
Insert into UACH_AS.DOCENTE_HORARIO_BKP (ID_DOCENTE_HORARIO,OCUPADO,ID_DOCENTE,ID_HORARIO) values (109,0,9876,9);
Insert into UACH_AS.DOCENTE_HORARIO_BKP (ID_DOCENTE_HORARIO,OCUPADO,ID_DOCENTE,ID_HORARIO) values (110,0,9876,10);
Insert into UACH_AS.DOCENTE_HORARIO_BKP (ID_DOCENTE_HORARIO,OCUPADO,ID_DOCENTE,ID_HORARIO) values (111,0,9876,11);
Insert into UACH_AS.DOCENTE_HORARIO_BKP (ID_DOCENTE_HORARIO,OCUPADO,ID_DOCENTE,ID_HORARIO) values (112,0,9876,12);
Insert into UACH_AS.DOCENTE_HORARIO_BKP (ID_DOCENTE_HORARIO,OCUPADO,ID_DOCENTE,ID_HORARIO) values (113,0,9876,13);
Insert into UACH_AS.DOCENTE_HORARIO_BKP (ID_DOCENTE_HORARIO,OCUPADO,ID_DOCENTE,ID_HORARIO) values (114,0,9876,14);
Insert into UACH_AS.DOCENTE_HORARIO_BKP (ID_DOCENTE_HORARIO,OCUPADO,ID_DOCENTE,ID_HORARIO) values (115,0,9876,15);
Insert into UACH_AS.DOCENTE_HORARIO_BKP (ID_DOCENTE_HORARIO,OCUPADO,ID_DOCENTE,ID_HORARIO) values (116,0,9876,16);
Insert into UACH_AS.DOCENTE_HORARIO_BKP (ID_DOCENTE_HORARIO,OCUPADO,ID_DOCENTE,ID_HORARIO) values (117,0,9876,17);
Insert into UACH_AS.DOCENTE_HORARIO_BKP (ID_DOCENTE_HORARIO,OCUPADO,ID_DOCENTE,ID_HORARIO) values (118,0,9876,18);
Insert into UACH_AS.DOCENTE_HORARIO_BKP (ID_DOCENTE_HORARIO,OCUPADO,ID_DOCENTE,ID_HORARIO) values (119,0,9876,19);
Insert into UACH_AS.DOCENTE_HORARIO_BKP (ID_DOCENTE_HORARIO,OCUPADO,ID_DOCENTE,ID_HORARIO) values (120,0,9876,20);
Insert into UACH_AS.DOCENTE_HORARIO_BKP (ID_DOCENTE_HORARIO,OCUPADO,ID_DOCENTE,ID_HORARIO) values (121,0,9876,21);
Insert into UACH_AS.DOCENTE_HORARIO_BKP (ID_DOCENTE_HORARIO,OCUPADO,ID_DOCENTE,ID_HORARIO) values (122,0,9876,22);
Insert into UACH_AS.DOCENTE_HORARIO_BKP (ID_DOCENTE_HORARIO,OCUPADO,ID_DOCENTE,ID_HORARIO) values (123,0,9876,23);
Insert into UACH_AS.DOCENTE_HORARIO_BKP (ID_DOCENTE_HORARIO,OCUPADO,ID_DOCENTE,ID_HORARIO) values (124,0,9876,24);
Insert into UACH_AS.DOCENTE_HORARIO_BKP (ID_DOCENTE_HORARIO,OCUPADO,ID_DOCENTE,ID_HORARIO) values (125,0,9876,25);
Insert into UACH_AS.DOCENTE_HORARIO_BKP (ID_DOCENTE_HORARIO,OCUPADO,ID_DOCENTE,ID_HORARIO) values (126,0,9876,26);
Insert into UACH_AS.DOCENTE_HORARIO_BKP (ID_DOCENTE_HORARIO,OCUPADO,ID_DOCENTE,ID_HORARIO) values (127,0,9876,27);
Insert into UACH_AS.DOCENTE_HORARIO_BKP (ID_DOCENTE_HORARIO,OCUPADO,ID_DOCENTE,ID_HORARIO) values (128,0,9876,28);
Insert into UACH_AS.DOCENTE_HORARIO_BKP (ID_DOCENTE_HORARIO,OCUPADO,ID_DOCENTE,ID_HORARIO) values (129,0,9876,29);
Insert into UACH_AS.DOCENTE_HORARIO_BKP (ID_DOCENTE_HORARIO,OCUPADO,ID_DOCENTE,ID_HORARIO) values (130,0,9876,30);
Insert into UACH_AS.DOCENTE_HORARIO_BKP (ID_DOCENTE_HORARIO,OCUPADO,ID_DOCENTE,ID_HORARIO) values (131,0,9876,31);
Insert into UACH_AS.DOCENTE_HORARIO_BKP (ID_DOCENTE_HORARIO,OCUPADO,ID_DOCENTE,ID_HORARIO) values (132,0,9876,32);
Insert into UACH_AS.DOCENTE_HORARIO_BKP (ID_DOCENTE_HORARIO,OCUPADO,ID_DOCENTE,ID_HORARIO) values (133,0,9876,33);
Insert into UACH_AS.DOCENTE_HORARIO_BKP (ID_DOCENTE_HORARIO,OCUPADO,ID_DOCENTE,ID_HORARIO) values (134,0,9876,34);
Insert into UACH_AS.DOCENTE_HORARIO_BKP (ID_DOCENTE_HORARIO,OCUPADO,ID_DOCENTE,ID_HORARIO) values (135,0,9876,35);
Insert into UACH_AS.DOCENTE_HORARIO_BKP (ID_DOCENTE_HORARIO,OCUPADO,ID_DOCENTE,ID_HORARIO) values (136,0,9876,36);
Insert into UACH_AS.DOCENTE_HORARIO_BKP (ID_DOCENTE_HORARIO,OCUPADO,ID_DOCENTE,ID_HORARIO) values (137,0,9876,37);
Insert into UACH_AS.DOCENTE_HORARIO_BKP (ID_DOCENTE_HORARIO,OCUPADO,ID_DOCENTE,ID_HORARIO) values (138,0,9876,38);
Insert into UACH_AS.DOCENTE_HORARIO_BKP (ID_DOCENTE_HORARIO,OCUPADO,ID_DOCENTE,ID_HORARIO) values (139,0,9876,39);
Insert into UACH_AS.DOCENTE_HORARIO_BKP (ID_DOCENTE_HORARIO,OCUPADO,ID_DOCENTE,ID_HORARIO) values (140,0,9876,40);
Insert into UACH_AS.DOCENTE_HORARIO_BKP (ID_DOCENTE_HORARIO,OCUPADO,ID_DOCENTE,ID_HORARIO) values (141,0,9876,41);
Insert into UACH_AS.DOCENTE_HORARIO_BKP (ID_DOCENTE_HORARIO,OCUPADO,ID_DOCENTE,ID_HORARIO) values (142,0,9876,42);
Insert into UACH_AS.DOCENTE_HORARIO_BKP (ID_DOCENTE_HORARIO,OCUPADO,ID_DOCENTE,ID_HORARIO) values (143,0,9876,43);
Insert into UACH_AS.DOCENTE_HORARIO_BKP (ID_DOCENTE_HORARIO,OCUPADO,ID_DOCENTE,ID_HORARIO) values (144,0,9876,44);
Insert into UACH_AS.DOCENTE_HORARIO_BKP (ID_DOCENTE_HORARIO,OCUPADO,ID_DOCENTE,ID_HORARIO) values (145,1,9876,45);
Insert into UACH_AS.DOCENTE_HORARIO_BKP (ID_DOCENTE_HORARIO,OCUPADO,ID_DOCENTE,ID_HORARIO) values (146,0,9876,46);
Insert into UACH_AS.DOCENTE_HORARIO_BKP (ID_DOCENTE_HORARIO,OCUPADO,ID_DOCENTE,ID_HORARIO) values (147,0,9876,47);
Insert into UACH_AS.DOCENTE_HORARIO_BKP (ID_DOCENTE_HORARIO,OCUPADO,ID_DOCENTE,ID_HORARIO) values (148,0,9876,48);
Insert into UACH_AS.DOCENTE_HORARIO_BKP (ID_DOCENTE_HORARIO,OCUPADO,ID_DOCENTE,ID_HORARIO) values (149,0,9876,49);
Insert into UACH_AS.DOCENTE_HORARIO_BKP (ID_DOCENTE_HORARIO,OCUPADO,ID_DOCENTE,ID_HORARIO) values (150,0,9876,50);
REM INSERTING into UACH_AS.DOCENTE_MATERIA
SET DEFINE OFF;
Insert into UACH_AS.DOCENTE_MATERIA (ID_MATERIA,ID_DOCENTE) values (2,987301);
Insert into UACH_AS.DOCENTE_MATERIA (ID_MATERIA,ID_DOCENTE) values (7,987301);
Insert into UACH_AS.DOCENTE_MATERIA (ID_MATERIA,ID_DOCENTE) values (9,987301);
Insert into UACH_AS.DOCENTE_MATERIA (ID_MATERIA,ID_DOCENTE) values (15,987301);
Insert into UACH_AS.DOCENTE_MATERIA (ID_MATERIA,ID_DOCENTE) values (17,987301);
Insert into UACH_AS.DOCENTE_MATERIA (ID_MATERIA,ID_DOCENTE) values (20,987301);
Insert into UACH_AS.DOCENTE_MATERIA (ID_MATERIA,ID_DOCENTE) values (22,987301);
Insert into UACH_AS.DOCENTE_MATERIA (ID_MATERIA,ID_DOCENTE) values (72,2419);
Insert into UACH_AS.DOCENTE_MATERIA (ID_MATERIA,ID_DOCENTE) values (72,987301);
Insert into UACH_AS.DOCENTE_MATERIA (ID_MATERIA,ID_DOCENTE) values (73,2419);
Insert into UACH_AS.DOCENTE_MATERIA (ID_MATERIA,ID_DOCENTE) values (73,987301);
Insert into UACH_AS.DOCENTE_MATERIA (ID_MATERIA,ID_DOCENTE) values (74,2419);
Insert into UACH_AS.DOCENTE_MATERIA (ID_MATERIA,ID_DOCENTE) values (74,987301);
Insert into UACH_AS.DOCENTE_MATERIA (ID_MATERIA,ID_DOCENTE) values (75,2419);
Insert into UACH_AS.DOCENTE_MATERIA (ID_MATERIA,ID_DOCENTE) values (75,987301);
Insert into UACH_AS.DOCENTE_MATERIA (ID_MATERIA,ID_DOCENTE) values (76,2419);
Insert into UACH_AS.DOCENTE_MATERIA (ID_MATERIA,ID_DOCENTE) values (76,987301);
Insert into UACH_AS.DOCENTE_MATERIA (ID_MATERIA,ID_DOCENTE) values (77,987301);
Insert into UACH_AS.DOCENTE_MATERIA (ID_MATERIA,ID_DOCENTE) values (78,987301);
REM INSERTING into UACH_AS.DOCENTES
SET DEFINE OFF;
Insert into UACH_AS.DOCENTES (ID_DOCENTE,NOMBRE_DOC,APELLIDO,CORREO,APEI2,PERFIL,ROL_DOC,CONTRA_DOCENTE,ID_CARRERA_MAT,ID_MAT_AS) values (0,'Opciones',null,'opciones@uach.mx',null,null,'teacher','$2a$10$v4T0Fn4Sk9w3eziDMWlEhOXUT5nBBLllrZ24m6iGzpZBe1W.Z1DZq',0,0);
Insert into UACH_AS.DOCENTES (ID_DOCENTE,NOMBRE_DOC,APELLIDO,CORREO,APEI2,PERFIL,ROL_DOC,CONTRA_DOCENTE,ID_CARRERA_MAT,ID_MAT_AS) values (2419,'Jorge','Enriquez','jenriquez@uach.mx','Martinez','n','teacher','$2a$10$rox/.h17N7yHYqxvH6F/Iec7R8ChugtvE/e2Ak5uM9sitG4SbyKNW',5,0);
Insert into UACH_AS.DOCENTES (ID_DOCENTE,NOMBRE_DOC,APELLIDO,CORREO,APEI2,PERFIL,ROL_DOC,CONTRA_DOCENTE,ID_CARRERA_MAT,ID_MAT_AS) values (4587,'Juan','Marquez',null,'Rodriguez','n','teacher','$2a$10$Yz/lSdOjZJDBskKkdyt3D.1ydrKtcOJ5h6AxDDFFoO29CAt3Sex0i',9,7);
Insert into UACH_AS.DOCENTES (ID_DOCENTE,NOMBRE_DOC,APELLIDO,CORREO,APEI2,PERFIL,ROL_DOC,CONTRA_DOCENTE,ID_CARRERA_MAT,ID_MAT_AS) values (9876,'Pedro','Solis','psolis@uach.mx','Garcia',null,'teacher','$2a$10$NaLYIdmG42grYan14cMWL.mC/eCZIErasqXeSOgJpkUQ3oO6qa6Ee',3,0);
Insert into UACH_AS.DOCENTES (ID_DOCENTE,NOMBRE_DOC,APELLIDO,CORREO,APEI2,PERFIL,ROL_DOC,CONTRA_DOCENTE,ID_CARRERA_MAT,ID_MAT_AS) values (543292,'Elizabeth','Grijalva','egrijalva@uach.mx','Madrid','n','teacher','$2a$10$lucY1Nac4q6u3qnkYw/khOtw8SAulcJSlmCRlPH8D4W7/L04n7m0u',9,0);
Insert into UACH_AS.DOCENTES (ID_DOCENTE,NOMBRE_DOC,APELLIDO,CORREO,APEI2,PERFIL,ROL_DOC,CONTRA_DOCENTE,ID_CARRERA_MAT,ID_MAT_AS) values (870102,'Andrea','Fernandez','afernandez@uach.mx','Soto','n','teacher','$2a$10$xor4qiyTpg7Nwz6cY8QK/eEWSh9EFZrbNjPe8UXLogrW7vYqfvB3a',9,0);
Insert into UACH_AS.DOCENTES (ID_DOCENTE,NOMBRE_DOC,APELLIDO,CORREO,APEI2,PERFIL,ROL_DOC,CONTRA_DOCENTE,ID_CARRERA_MAT,ID_MAT_AS) values (985412,'Gerardo','Garcia','ggarcia@uach.mx','Hernandez','n','teacher','$2a$10$8zK4I0JciaTte0c//DyCNO8IG6IAZ3nI9b2jzRLnIA9mzom5QzkDK',3,0);
Insert into UACH_AS.DOCENTES (ID_DOCENTE,NOMBRE_DOC,APELLIDO,CORREO,APEI2,PERFIL,ROL_DOC,CONTRA_DOCENTE,ID_CARRERA_MAT,ID_MAT_AS) values (987301,'Luis','Aguirre','laguirre@uach.mx','Bernal','/uploads/1747114584834.png','teacher','$2a$10$BAiZ2wOocR3kox8PDd6GhOvJmdrylqeHUeiVC/RfkOktNgHMlABXO',5,0);
REM INSERTING into UACH_AS.HORARIOS
SET DEFINE OFF;
Insert into UACH_AS.HORARIOS (ID_HORARIO,HORA_INICIO,DIA) values (1,to_timestamp('01/05/25 08:00:00.000000000','DD/MM/RR HH24:MI:SSXFF'),'lunes');
Insert into UACH_AS.HORARIOS (ID_HORARIO,HORA_INICIO,DIA) values (2,to_timestamp('01/05/25 09:00:00.000000000','DD/MM/RR HH24:MI:SSXFF'),'lunes');
Insert into UACH_AS.HORARIOS (ID_HORARIO,HORA_INICIO,DIA) values (3,to_timestamp('01/05/25 10:00:00.000000000','DD/MM/RR HH24:MI:SSXFF'),'lunes');
Insert into UACH_AS.HORARIOS (ID_HORARIO,HORA_INICIO,DIA) values (4,to_timestamp('01/05/25 11:00:00.000000000','DD/MM/RR HH24:MI:SSXFF'),'lunes');
Insert into UACH_AS.HORARIOS (ID_HORARIO,HORA_INICIO,DIA) values (5,to_timestamp('01/05/25 12:00:00.000000000','DD/MM/RR HH24:MI:SSXFF'),'lunes');
Insert into UACH_AS.HORARIOS (ID_HORARIO,HORA_INICIO,DIA) values (6,to_timestamp('01/05/25 13:00:00.000000000','DD/MM/RR HH24:MI:SSXFF'),'lunes');
Insert into UACH_AS.HORARIOS (ID_HORARIO,HORA_INICIO,DIA) values (7,to_timestamp('01/05/25 14:00:00.000000000','DD/MM/RR HH24:MI:SSXFF'),'lunes');
Insert into UACH_AS.HORARIOS (ID_HORARIO,HORA_INICIO,DIA) values (8,to_timestamp('01/05/25 15:00:00.000000000','DD/MM/RR HH24:MI:SSXFF'),'lunes');
Insert into UACH_AS.HORARIOS (ID_HORARIO,HORA_INICIO,DIA) values (9,to_timestamp('01/05/25 16:00:00.000000000','DD/MM/RR HH24:MI:SSXFF'),'lunes');
Insert into UACH_AS.HORARIOS (ID_HORARIO,HORA_INICIO,DIA) values (10,to_timestamp('01/05/25 17:00:00.000000000','DD/MM/RR HH24:MI:SSXFF'),'lunes');
Insert into UACH_AS.HORARIOS (ID_HORARIO,HORA_INICIO,DIA) values (11,to_timestamp('01/05/25 08:00:00.000000000','DD/MM/RR HH24:MI:SSXFF'),'martes');
Insert into UACH_AS.HORARIOS (ID_HORARIO,HORA_INICIO,DIA) values (12,to_timestamp('01/05/25 09:00:00.000000000','DD/MM/RR HH24:MI:SSXFF'),'martes');
Insert into UACH_AS.HORARIOS (ID_HORARIO,HORA_INICIO,DIA) values (13,to_timestamp('01/05/25 10:00:00.000000000','DD/MM/RR HH24:MI:SSXFF'),'martes');
Insert into UACH_AS.HORARIOS (ID_HORARIO,HORA_INICIO,DIA) values (14,to_timestamp('01/05/25 11:00:00.000000000','DD/MM/RR HH24:MI:SSXFF'),'martes');
Insert into UACH_AS.HORARIOS (ID_HORARIO,HORA_INICIO,DIA) values (15,to_timestamp('01/05/25 12:00:00.000000000','DD/MM/RR HH24:MI:SSXFF'),'martes');
Insert into UACH_AS.HORARIOS (ID_HORARIO,HORA_INICIO,DIA) values (16,to_timestamp('01/05/25 13:00:00.000000000','DD/MM/RR HH24:MI:SSXFF'),'martes');
Insert into UACH_AS.HORARIOS (ID_HORARIO,HORA_INICIO,DIA) values (17,to_timestamp('01/05/25 14:00:00.000000000','DD/MM/RR HH24:MI:SSXFF'),'martes');
Insert into UACH_AS.HORARIOS (ID_HORARIO,HORA_INICIO,DIA) values (18,to_timestamp('01/05/25 15:00:00.000000000','DD/MM/RR HH24:MI:SSXFF'),'martes');
Insert into UACH_AS.HORARIOS (ID_HORARIO,HORA_INICIO,DIA) values (19,to_timestamp('01/05/25 16:00:00.000000000','DD/MM/RR HH24:MI:SSXFF'),'martes');
Insert into UACH_AS.HORARIOS (ID_HORARIO,HORA_INICIO,DIA) values (20,to_timestamp('01/05/25 17:00:00.000000000','DD/MM/RR HH24:MI:SSXFF'),'martes');
Insert into UACH_AS.HORARIOS (ID_HORARIO,HORA_INICIO,DIA) values (21,to_timestamp('01/05/25 08:00:00.000000000','DD/MM/RR HH24:MI:SSXFF'),'miércoles');
Insert into UACH_AS.HORARIOS (ID_HORARIO,HORA_INICIO,DIA) values (22,to_timestamp('01/05/25 09:00:00.000000000','DD/MM/RR HH24:MI:SSXFF'),'miércoles');
Insert into UACH_AS.HORARIOS (ID_HORARIO,HORA_INICIO,DIA) values (23,to_timestamp('01/05/25 10:00:00.000000000','DD/MM/RR HH24:MI:SSXFF'),'miércoles');
Insert into UACH_AS.HORARIOS (ID_HORARIO,HORA_INICIO,DIA) values (24,to_timestamp('01/05/25 11:00:00.000000000','DD/MM/RR HH24:MI:SSXFF'),'miércoles');
Insert into UACH_AS.HORARIOS (ID_HORARIO,HORA_INICIO,DIA) values (25,to_timestamp('01/05/25 12:00:00.000000000','DD/MM/RR HH24:MI:SSXFF'),'miércoles');
Insert into UACH_AS.HORARIOS (ID_HORARIO,HORA_INICIO,DIA) values (26,to_timestamp('01/05/25 13:00:00.000000000','DD/MM/RR HH24:MI:SSXFF'),'miércoles');
Insert into UACH_AS.HORARIOS (ID_HORARIO,HORA_INICIO,DIA) values (27,to_timestamp('01/05/25 14:00:00.000000000','DD/MM/RR HH24:MI:SSXFF'),'miércoles');
Insert into UACH_AS.HORARIOS (ID_HORARIO,HORA_INICIO,DIA) values (28,to_timestamp('01/05/25 15:00:00.000000000','DD/MM/RR HH24:MI:SSXFF'),'miércoles');
Insert into UACH_AS.HORARIOS (ID_HORARIO,HORA_INICIO,DIA) values (29,to_timestamp('01/05/25 16:00:00.000000000','DD/MM/RR HH24:MI:SSXFF'),'miércoles');
Insert into UACH_AS.HORARIOS (ID_HORARIO,HORA_INICIO,DIA) values (30,to_timestamp('01/05/25 17:00:00.000000000','DD/MM/RR HH24:MI:SSXFF'),'miércoles');
Insert into UACH_AS.HORARIOS (ID_HORARIO,HORA_INICIO,DIA) values (31,to_timestamp('01/05/25 08:00:00.000000000','DD/MM/RR HH24:MI:SSXFF'),'jueves');
Insert into UACH_AS.HORARIOS (ID_HORARIO,HORA_INICIO,DIA) values (32,to_timestamp('01/05/25 09:00:00.000000000','DD/MM/RR HH24:MI:SSXFF'),'jueves');
Insert into UACH_AS.HORARIOS (ID_HORARIO,HORA_INICIO,DIA) values (33,to_timestamp('01/05/25 10:00:00.000000000','DD/MM/RR HH24:MI:SSXFF'),'jueves');
Insert into UACH_AS.HORARIOS (ID_HORARIO,HORA_INICIO,DIA) values (34,to_timestamp('01/05/25 11:00:00.000000000','DD/MM/RR HH24:MI:SSXFF'),'jueves');
Insert into UACH_AS.HORARIOS (ID_HORARIO,HORA_INICIO,DIA) values (35,to_timestamp('01/05/25 12:00:00.000000000','DD/MM/RR HH24:MI:SSXFF'),'jueves');
Insert into UACH_AS.HORARIOS (ID_HORARIO,HORA_INICIO,DIA) values (36,to_timestamp('01/05/25 13:00:00.000000000','DD/MM/RR HH24:MI:SSXFF'),'jueves');
Insert into UACH_AS.HORARIOS (ID_HORARIO,HORA_INICIO,DIA) values (37,to_timestamp('01/05/25 14:00:00.000000000','DD/MM/RR HH24:MI:SSXFF'),'jueves');
Insert into UACH_AS.HORARIOS (ID_HORARIO,HORA_INICIO,DIA) values (38,to_timestamp('01/05/25 15:00:00.000000000','DD/MM/RR HH24:MI:SSXFF'),'jueves');
Insert into UACH_AS.HORARIOS (ID_HORARIO,HORA_INICIO,DIA) values (39,to_timestamp('01/05/25 16:00:00.000000000','DD/MM/RR HH24:MI:SSXFF'),'jueves');
Insert into UACH_AS.HORARIOS (ID_HORARIO,HORA_INICIO,DIA) values (40,to_timestamp('01/05/25 17:00:00.000000000','DD/MM/RR HH24:MI:SSXFF'),'jueves');
Insert into UACH_AS.HORARIOS (ID_HORARIO,HORA_INICIO,DIA) values (41,to_timestamp('01/05/25 08:00:00.000000000','DD/MM/RR HH24:MI:SSXFF'),'viernes');
Insert into UACH_AS.HORARIOS (ID_HORARIO,HORA_INICIO,DIA) values (42,to_timestamp('01/05/25 09:00:00.000000000','DD/MM/RR HH24:MI:SSXFF'),'viernes');
Insert into UACH_AS.HORARIOS (ID_HORARIO,HORA_INICIO,DIA) values (43,to_timestamp('01/05/25 10:00:00.000000000','DD/MM/RR HH24:MI:SSXFF'),'viernes');
Insert into UACH_AS.HORARIOS (ID_HORARIO,HORA_INICIO,DIA) values (44,to_timestamp('01/05/25 11:00:00.000000000','DD/MM/RR HH24:MI:SSXFF'),'viernes');
Insert into UACH_AS.HORARIOS (ID_HORARIO,HORA_INICIO,DIA) values (45,to_timestamp('01/05/25 12:00:00.000000000','DD/MM/RR HH24:MI:SSXFF'),'viernes');
Insert into UACH_AS.HORARIOS (ID_HORARIO,HORA_INICIO,DIA) values (46,to_timestamp('01/05/25 13:00:00.000000000','DD/MM/RR HH24:MI:SSXFF'),'viernes');
Insert into UACH_AS.HORARIOS (ID_HORARIO,HORA_INICIO,DIA) values (47,to_timestamp('01/05/25 14:00:00.000000000','DD/MM/RR HH24:MI:SSXFF'),'viernes');
Insert into UACH_AS.HORARIOS (ID_HORARIO,HORA_INICIO,DIA) values (48,to_timestamp('01/05/25 15:00:00.000000000','DD/MM/RR HH24:MI:SSXFF'),'viernes');
Insert into UACH_AS.HORARIOS (ID_HORARIO,HORA_INICIO,DIA) values (49,to_timestamp('01/05/25 16:00:00.000000000','DD/MM/RR HH24:MI:SSXFF'),'viernes');
Insert into UACH_AS.HORARIOS (ID_HORARIO,HORA_INICIO,DIA) values (50,to_timestamp('01/05/25 17:00:00.000000000','DD/MM/RR HH24:MI:SSXFF'),'viernes');
REM INSERTING into UACH_AS.MATERIAS
SET DEFINE OFF;
Insert into UACH_AS.MATERIAS (ID_MATERIA,N_MAT,N_CARR,N_SEM) values (0,'Opciones',0,1);
Insert into UACH_AS.MATERIAS (ID_MATERIA,N_MAT,N_CARR,N_SEM) values (1,'Algebra superior',1,1);
Insert into UACH_AS.MATERIAS (ID_MATERIA,N_MAT,N_CARR,N_SEM) values (2,'Calculo diferencial e integral',1,1);
Insert into UACH_AS.MATERIAS (ID_MATERIA,N_MAT,N_CARR,N_SEM) values (3,'Fisica Basica',1,1);
Insert into UACH_AS.MATERIAS (ID_MATERIA,N_MAT,N_CARR,N_SEM) values (4,'Dibujo',1,1);
Insert into UACH_AS.MATERIAS (ID_MATERIA,N_MAT,N_CARR,N_SEM) values (6,'Tecnologia y manejo de la informacion',1,1);
Insert into UACH_AS.MATERIAS (ID_MATERIA,N_MAT,N_CARR,N_SEM) values (7,'Sociedad y cultura',1,1);
Insert into UACH_AS.MATERIAS (ID_MATERIA,N_MAT,N_CARR,N_SEM) values (8,'Calculo Aplicado',1,2);
Insert into UACH_AS.MATERIAS (ID_MATERIA,N_MAT,N_CARR,N_SEM) values (9,'Algebra lineal',1,2);
Insert into UACH_AS.MATERIAS (ID_MATERIA,N_MAT,N_CARR,N_SEM) values (10,'Quimica general',1,2);
Insert into UACH_AS.MATERIAS (ID_MATERIA,N_MAT,N_CARR,N_SEM) values (11,'Introduccion al desarrollo economico',1,2);
Insert into UACH_AS.MATERIAS (ID_MATERIA,N_MAT,N_CARR,N_SEM) values (12,'Ingles 4',1,2);
Insert into UACH_AS.MATERIAS (ID_MATERIA,N_MAT,N_CARR,N_SEM) values (14,'Universidad y conocimiento',1,2);
Insert into UACH_AS.MATERIAS (ID_MATERIA,N_MAT,N_CARR,N_SEM) values (15,'Ecuaciones diferenciales',1,3);
Insert into UACH_AS.MATERIAS (ID_MATERIA,N_MAT,N_CARR,N_SEM) values (16,'Electricidad y magnetismo',1,3);
Insert into UACH_AS.MATERIAS (ID_MATERIA,N_MAT,N_CARR,N_SEM) values (17,'Estatica',1,3);
Insert into UACH_AS.MATERIAS (ID_MATERIA,N_MAT,N_CARR,N_SEM) values (18,'Programacion',1,3);
Insert into UACH_AS.MATERIAS (ID_MATERIA,N_MAT,N_CARR,N_SEM) values (19,'Ingles avanzado',1,3);
Insert into UACH_AS.MATERIAS (ID_MATERIA,N_MAT,N_CARR,N_SEM) values (20,'Administracion',1,3);
Insert into UACH_AS.MATERIAS (ID_MATERIA,N_MAT,N_CARR,N_SEM) values (21,'Contabilidad',1,3);
Insert into UACH_AS.MATERIAS (ID_MATERIA,N_MAT,N_CARR,N_SEM) values (22,'Calculo Vectorial',1,4);
Insert into UACH_AS.MATERIAS (ID_MATERIA,N_MAT,N_CARR,N_SEM) values (23,'Dinamica',1,4);
Insert into UACH_AS.MATERIAS (ID_MATERIA,N_MAT,N_CARR,N_SEM) values (24,'Metodos Numericos',1,4);
Insert into UACH_AS.MATERIAS (ID_MATERIA,N_MAT,N_CARR,N_SEM) values (25,'Mecanica de materiales 1',1,4);
Insert into UACH_AS.MATERIAS (ID_MATERIA,N_MAT,N_CARR,N_SEM) values (26,'Probabilidad y estadistica 1',1,4);
Insert into UACH_AS.MATERIAS (ID_MATERIA,N_MAT,N_CARR,N_SEM) values (27,'Analisis de circuitos electricos',1,4);
Insert into UACH_AS.MATERIAS (ID_MATERIA,N_MAT,N_CARR,N_SEM) values (28,'Ingles Avanzado 2',1,4);
Insert into UACH_AS.MATERIAS (ID_MATERIA,N_MAT,N_CARR,N_SEM) values (29,'Probabilidad y estadistica 2',1,5);
Insert into UACH_AS.MATERIAS (ID_MATERIA,N_MAT,N_CARR,N_SEM) values (30,'Dibujo Avanzado 1',1,5);
Insert into UACH_AS.MATERIAS (ID_MATERIA,N_MAT,N_CARR,N_SEM) values (31,'Ciencia Ambiental',1,5);
Insert into UACH_AS.MATERIAS (ID_MATERIA,N_MAT,N_CARR,N_SEM) values (32,'Metalurgia',1,5);
Insert into UACH_AS.MATERIAS (ID_MATERIA,N_MAT,N_CARR,N_SEM) values (33,'Mecanica de materiales 2',1,5);
Insert into UACH_AS.MATERIAS (ID_MATERIA,N_MAT,N_CARR,N_SEM) values (34,'Termodinamica',1,6);
Insert into UACH_AS.MATERIAS (ID_MATERIA,N_MAT,N_CARR,N_SEM) values (35,'Administracion de proyectos',1,6);
Insert into UACH_AS.MATERIAS (ID_MATERIA,N_MAT,N_CARR,N_SEM) values (36,'Sistemas de calidad',1,6);
Insert into UACH_AS.MATERIAS (ID_MATERIA,N_MAT,N_CARR,N_SEM) values (37,'Aerodinamica 1',1,7);
Insert into UACH_AS.MATERIAS (ID_MATERIA,N_MAT,N_CARR,N_SEM) values (38,'Mecanica orbital y espacio ambiental',1,7);
Insert into UACH_AS.MATERIAS (ID_MATERIA,N_MAT,N_CARR,N_SEM) values (39,'Estructuras aeroespaciales',1,7);
Insert into UACH_AS.MATERIAS (ID_MATERIA,N_MAT,N_CARR,N_SEM) values (40,'Redaccion y comprension',1,7);
Insert into UACH_AS.MATERIAS (ID_MATERIA,N_MAT,N_CARR,N_SEM) values (41,'Dinamica y control de vuelo',1,8);
Insert into UACH_AS.MATERIAS (ID_MATERIA,N_MAT,N_CARR,N_SEM) values (42,'Propulsion',1,8);
Insert into UACH_AS.MATERIAS (ID_MATERIA,N_MAT,N_CARR,N_SEM) values (43,'Ingenieria en sistemas aeroespaciales',1,8);
Insert into UACH_AS.MATERIAS (ID_MATERIA,N_MAT,N_CARR,N_SEM) values (44,'Aerodinamica 2',1,8);
Insert into UACH_AS.MATERIAS (ID_MATERIA,N_MAT,N_CARR,N_SEM) values (45,'Comunicacion oral',1,8);
Insert into UACH_AS.MATERIAS (ID_MATERIA,N_MAT,N_CARR,N_SEM) values (46,'Transferencia de calor',1,9);
Insert into UACH_AS.MATERIAS (ID_MATERIA,N_MAT,N_CARR,N_SEM) values (47,'Diseño de cubiertas aeroespaciles',1,9);
Insert into UACH_AS.MATERIAS (ID_MATERIA,N_MAT,N_CARR,N_SEM) values (48,'Produccion y manufactura aeroespacial',1,9);
Insert into UACH_AS.MATERIAS (ID_MATERIA,N_MAT,N_CARR,N_SEM) values (49,'Calculo Aplicado',2,2);
Insert into UACH_AS.MATERIAS (ID_MATERIA,N_MAT,N_CARR,N_SEM) values (51,'Algebra lineal',2,2);
Insert into UACH_AS.MATERIAS (ID_MATERIA,N_MAT,N_CARR,N_SEM) values (52,'Ingles 2',2,2);
Insert into UACH_AS.MATERIAS (ID_MATERIA,N_MAT,N_CARR,N_SEM) values (53,'Topografia 2',2,2);
Insert into UACH_AS.MATERIAS (ID_MATERIA,N_MAT,N_CARR,N_SEM) values (54,'CAD 2',2,2);
Insert into UACH_AS.MATERIAS (ID_MATERIA,N_MAT,N_CARR,N_SEM) values (55,'Lenguaje y comunicacion',2,2);
Insert into UACH_AS.MATERIAS (ID_MATERIA,N_MAT,N_CARR,N_SEM) values (56,'Universidad y conocimiento',2,2);
Insert into UACH_AS.MATERIAS (ID_MATERIA,N_MAT,N_CARR,N_SEM) values (57,'Calculo Vectorial',3,3);
Insert into UACH_AS.MATERIAS (ID_MATERIA,N_MAT,N_CARR,N_SEM) values (58,'Algebra Lineal',3,3);
Insert into UACH_AS.MATERIAS (ID_MATERIA,N_MAT,N_CARR,N_SEM) values (60,'Ecuaciones diferenciales',3,3);
Insert into UACH_AS.MATERIAS (ID_MATERIA,N_MAT,N_CARR,N_SEM) values (61,'Analisis de algoritmos',3,3);
Insert into UACH_AS.MATERIAS (ID_MATERIA,N_MAT,N_CARR,N_SEM) values (62,'Ingles 3',3,3);
Insert into UACH_AS.MATERIAS (ID_MATERIA,N_MAT,N_CARR,N_SEM) values (72,'Lenguajes de Programacion 3',5,5);
Insert into UACH_AS.MATERIAS (ID_MATERIA,N_MAT,N_CARR,N_SEM) values (73,'Analisis de circuitos electricos 2',5,5);
Insert into UACH_AS.MATERIAS (ID_MATERIA,N_MAT,N_CARR,N_SEM) values (74,'Ingenieria de software 1',5,5);
Insert into UACH_AS.MATERIAS (ID_MATERIA,N_MAT,N_CARR,N_SEM) values (75,'Sistemas operativos 1',5,5);
Insert into UACH_AS.MATERIAS (ID_MATERIA,N_MAT,N_CARR,N_SEM) values (76,'Estructura de datos 2',5,5);
Insert into UACH_AS.MATERIAS (ID_MATERIA,N_MAT,N_CARR,N_SEM) values (77,'Probabilidad y estadistica 2',5,5);
Insert into UACH_AS.MATERIAS (ID_MATERIA,N_MAT,N_CARR,N_SEM) values (78,'Diseño de bases de datos 1',5,5);
Insert into UACH_AS.MATERIAS (ID_MATERIA,N_MAT,N_CARR,N_SEM) values (79,'Ajustes',6,6);
Insert into UACH_AS.MATERIAS (ID_MATERIA,N_MAT,N_CARR,N_SEM) values (80,'Geodesia Aplicada',6,6);
Insert into UACH_AS.MATERIAS (ID_MATERIA,N_MAT,N_CARR,N_SEM) values (81,'Foto Interpretacion',6,6);
Insert into UACH_AS.MATERIAS (ID_MATERIA,N_MAT,N_CARR,N_SEM) values (82,'Sistemas de informacion geografica 2',6,6);
Insert into UACH_AS.MATERIAS (ID_MATERIA,N_MAT,N_CARR,N_SEM) values (83,'Hidrologia Superficial',6,6);
Insert into UACH_AS.MATERIAS (ID_MATERIA,N_MAT,N_CARR,N_SEM) values (84,'Administracion',6,6);
Insert into UACH_AS.MATERIAS (ID_MATERIA,N_MAT,N_CARR,N_SEM) values (85,'Contabilidad para ingenieros',6,6);
Insert into UACH_AS.MATERIAS (ID_MATERIA,N_MAT,N_CARR,N_SEM) values (86,'Investigacion de operaciones',7,7);
Insert into UACH_AS.MATERIAS (ID_MATERIA,N_MAT,N_CARR,N_SEM) values (87,'Fundamentos de la cadena de suministros',7,7);
Insert into UACH_AS.MATERIAS (ID_MATERIA,N_MAT,N_CARR,N_SEM) values (88,'Administracion de proyectos 3',7,7);
Insert into UACH_AS.MATERIAS (ID_MATERIA,N_MAT,N_CARR,N_SEM) values (89,'Gestoria empresarial 2',7,7);
Insert into UACH_AS.MATERIAS (ID_MATERIA,N_MAT,N_CARR,N_SEM) values (90,'Direccion y liderazgo',7,7);
Insert into UACH_AS.MATERIAS (ID_MATERIA,N_MAT,N_CARR,N_SEM) values (92,'Recursos Humanos',8,8);
Insert into UACH_AS.MATERIAS (ID_MATERIA,N_MAT,N_CARR,N_SEM) values (93,'Evaluacion de yacimientos minerales',9,9);
Insert into UACH_AS.MATERIAS (ID_MATERIA,N_MAT,N_CARR,N_SEM) values (94,'Geologia Ambiental',9,9);
Insert into UACH_AS.MATERIAS (ID_MATERIA,N_MAT,N_CARR,N_SEM) values (95,'Metodos Electricos',9,9);
Insert into UACH_AS.MATERIAS (ID_MATERIA,N_MAT,N_CARR,N_SEM) values (96,'Mecanica de suelos',9,9);
Insert into UACH_AS.MATERIAS (ID_MATERIA,N_MAT,N_CARR,N_SEM) values (97,'Quimica del petroleo',9,9);
Insert into UACH_AS.MATERIAS (ID_MATERIA,N_MAT,N_CARR,N_SEM) values (98,'Calculo Superior',8,1);
Insert into UACH_AS.MATERIAS (ID_MATERIA,N_MAT,N_CARR,N_SEM) values (100,'Analisis de Algoritmos 1',5,1);
REM INSERTING into UACH_AS.POSTS
SET DEFINE OFF;
Insert into UACH_AS.POSTS (ID,AUTHOR,ROLE,CONTENT,IMAGEURL,CREATEDAT,UPDATEDAT,PDFURL) values (65,'Luis Aguirre','teacher','publicacion con pdf 1',null,to_timestamp('12/05/25 23:16:26.785000000','DD/MM/RR HH24:MI:SSXFF'),to_timestamp('12/05/25 23:16:26.785000000','DD/MM/RR HH24:MI:SSXFF'),'/uploads/1747113386783-.pdf');
Insert into UACH_AS.POSTS (ID,AUTHOR,ROLE,CONTENT,IMAGEURL,CREATEDAT,UPDATEDAT,PDFURL) values (66,'Luis Aguirre','teacher','publicacion con foto 2','/uploads/1747113471968-.png',to_timestamp('12/05/25 23:17:51.969000000','DD/MM/RR HH24:MI:SSXFF'),to_timestamp('12/05/25 23:17:51.969000000','DD/MM/RR HH24:MI:SSXFF'),null);
Insert into UACH_AS.POSTS (ID,AUTHOR,ROLE,CONTENT,IMAGEURL,CREATEDAT,UPDATEDAT,PDFURL) values (63,'Luis Aguirre','teacher','publicacion 1',null,to_timestamp('12/05/25 23:12:48.455000000','DD/MM/RR HH24:MI:SSXFF'),to_timestamp('12/05/25 23:12:48.455000000','DD/MM/RR HH24:MI:SSXFF'),null);
Insert into UACH_AS.POSTS (ID,AUTHOR,ROLE,CONTENT,IMAGEURL,CREATEDAT,UPDATEDAT,PDFURL) values (64,'Luis Aguirre','teacher','publicacion con foto 1','/uploads/1747113324380-.png',to_timestamp('12/05/25 23:15:24.397000000','DD/MM/RR HH24:MI:SSXFF'),to_timestamp('12/05/25 23:15:24.397000000','DD/MM/RR HH24:MI:SSXFF'),null);
REM INSERTING into UACH_AS.RESPONSES
SET DEFINE OFF;
Insert into UACH_AS.RESPONSES (ID,POST_ID,AUTHOR,ROLE,CONTENT,IMAGEURL,PDFURL,CREATEDAT,UPDATEDAT) values (26,66,'Luis Aguirre','teacher','respuesta con foto 2','/uploads/1747113494248-.png',null,to_timestamp('12/05/25 23:18:14.251000000','DD/MM/RR HH24:MI:SSXFF'),to_timestamp('12/05/25 23:18:14.251000000','DD/MM/RR HH24:MI:SSXFF'));
Insert into UACH_AS.RESPONSES (ID,POST_ID,AUTHOR,ROLE,CONTENT,IMAGEURL,PDFURL,CREATEDAT,UPDATEDAT) values (23,63,'Luis Aguirre','teacher','respuesta 1',null,null,to_timestamp('12/05/25 23:13:06.054000000','DD/MM/RR HH24:MI:SSXFF'),to_timestamp('12/05/25 23:13:06.054000000','DD/MM/RR HH24:MI:SSXFF'));
Insert into UACH_AS.RESPONSES (ID,POST_ID,AUTHOR,ROLE,CONTENT,IMAGEURL,PDFURL,CREATEDAT,UPDATEDAT) values (25,65,'Luis Aguirre','teacher','respuesta con pdf1',null,'/uploads/1747113423968-.pdf',to_timestamp('12/05/25 23:17:03.970000000','DD/MM/RR HH24:MI:SSXFF'),to_timestamp('12/05/25 23:17:03.970000000','DD/MM/RR HH24:MI:SSXFF'));
Insert into UACH_AS.RESPONSES (ID,POST_ID,AUTHOR,ROLE,CONTENT,IMAGEURL,PDFURL,CREATEDAT,UPDATEDAT) values (24,64,'Luis Aguirre','teacher','respuesta con foto 1','/uploads/1747113350968-.png',null,to_timestamp('12/05/25 23:15:50.984000000','DD/MM/RR HH24:MI:SSXFF'),to_timestamp('12/05/25 23:15:50.984000000','DD/MM/RR HH24:MI:SSXFF'));
REM INSERTING into UACH_AS.SEMESTRE
SET DEFINE OFF;
Insert into UACH_AS.SEMESTRE (ID,SEM) values (1,'Primer semestre');
Insert into UACH_AS.SEMESTRE (ID,SEM) values (2,'Segundo semestre');
Insert into UACH_AS.SEMESTRE (ID,SEM) values (3,'Tercer semestre');
Insert into UACH_AS.SEMESTRE (ID,SEM) values (4,'Cuarto semestre');
Insert into UACH_AS.SEMESTRE (ID,SEM) values (5,'Quinto semestre');
Insert into UACH_AS.SEMESTRE (ID,SEM) values (6,'Sexto semestre');
Insert into UACH_AS.SEMESTRE (ID,SEM) values (7,'Septimo semestre');
Insert into UACH_AS.SEMESTRE (ID,SEM) values (8,'Octavo semestre');
Insert into UACH_AS.SEMESTRE (ID,SEM) values (9,'Noveno semestre');
REM INSERTING into UACH_AS.USUARIOS
SET DEFINE OFF;
Insert into UACH_AS.USUARIOS (ID_USER,USERS) values (1,'Docente');
Insert into UACH_AS.USUARIOS (ID_USER,USERS) values (2,'Alumno');
--------------------------------------------------------
--  DDL for Index SYS_C008865
--------------------------------------------------------

  CREATE UNIQUE INDEX "UACH_AS"."SYS_C008865" ON "UACH_AS"."CARRERA" ("ID_CARRERA") 
  PCTFREE 10 INITRANS 2 MAXTRANS 255 COMPUTE STATISTICS 
  STORAGE(INITIAL 65536 NEXT 1048576 MINEXTENTS 1 MAXEXTENTS 2147483645
  PCTINCREASE 0 FREELISTS 1 FREELIST GROUPS 1
  BUFFER_POOL DEFAULT FLASH_CACHE DEFAULT CELL_FLASH_CACHE DEFAULT)
  TABLESPACE "USERS" ;
--------------------------------------------------------
--  DDL for Index SYS_C008866
--------------------------------------------------------

  CREATE UNIQUE INDEX "UACH_AS"."SYS_C008866" ON "UACH_AS"."SEMESTRE" ("ID") 
  PCTFREE 10 INITRANS 2 MAXTRANS 255 COMPUTE STATISTICS 
  STORAGE(INITIAL 65536 NEXT 1048576 MINEXTENTS 1 MAXEXTENTS 2147483645
  PCTINCREASE 0 FREELISTS 1 FREELIST GROUPS 1
  BUFFER_POOL DEFAULT FLASH_CACHE DEFAULT CELL_FLASH_CACHE DEFAULT)
  TABLESPACE "USERS" ;
--------------------------------------------------------
--  DDL for Index SYS_C008867
--------------------------------------------------------

  CREATE UNIQUE INDEX "UACH_AS"."SYS_C008867" ON "UACH_AS"."MATERIAS" ("ID_MATERIA") 
  PCTFREE 10 INITRANS 2 MAXTRANS 255 COMPUTE STATISTICS 
  STORAGE(INITIAL 65536 NEXT 1048576 MINEXTENTS 1 MAXEXTENTS 2147483645
  PCTINCREASE 0 FREELISTS 1 FREELIST GROUPS 1
  BUFFER_POOL DEFAULT FLASH_CACHE DEFAULT CELL_FLASH_CACHE DEFAULT)
  TABLESPACE "USERS" ;
--------------------------------------------------------
--  DDL for Index SYS_C008870
--------------------------------------------------------

  CREATE UNIQUE INDEX "UACH_AS"."SYS_C008870" ON "UACH_AS"."DOCENTES" ("ID_DOCENTE") 
  PCTFREE 10 INITRANS 2 MAXTRANS 255 COMPUTE STATISTICS 
  STORAGE(INITIAL 65536 NEXT 1048576 MINEXTENTS 1 MAXEXTENTS 2147483645
  PCTINCREASE 0 FREELISTS 1 FREELIST GROUPS 1
  BUFFER_POOL DEFAULT FLASH_CACHE DEFAULT CELL_FLASH_CACHE DEFAULT)
  TABLESPACE "USERS" ;
--------------------------------------------------------
--  DDL for Index SYS_C008873
--------------------------------------------------------

  CREATE UNIQUE INDEX "UACH_AS"."SYS_C008873" ON "UACH_AS"."DOCENTE_MATERIA" ("ID_MATERIA", "ID_DOCENTE") 
  PCTFREE 10 INITRANS 2 MAXTRANS 255 COMPUTE STATISTICS 
  STORAGE(INITIAL 65536 NEXT 1048576 MINEXTENTS 1 MAXEXTENTS 2147483645
  PCTINCREASE 0 FREELISTS 1 FREELIST GROUPS 1
  BUFFER_POOL DEFAULT FLASH_CACHE DEFAULT CELL_FLASH_CACHE DEFAULT)
  TABLESPACE "USERS" ;
--------------------------------------------------------
--  DDL for Index SYS_C008876
--------------------------------------------------------

  CREATE UNIQUE INDEX "UACH_AS"."SYS_C008876" ON "UACH_AS"."USUARIOS" ("ID_USER") 
  PCTFREE 10 INITRANS 2 MAXTRANS 255 COMPUTE STATISTICS 
  STORAGE(INITIAL 65536 NEXT 1048576 MINEXTENTS 1 MAXEXTENTS 2147483645
  PCTINCREASE 0 FREELISTS 1 FREELIST GROUPS 1
  BUFFER_POOL DEFAULT FLASH_CACHE DEFAULT CELL_FLASH_CACHE DEFAULT)
  TABLESPACE "USERS" ;
--------------------------------------------------------
--  DDL for Index SYS_C008877
--------------------------------------------------------

  CREATE UNIQUE INDEX "UACH_AS"."SYS_C008877" ON "UACH_AS"."POSTS" ("ID") 
  PCTFREE 10 INITRANS 2 MAXTRANS 255 COMPUTE STATISTICS 
  STORAGE(INITIAL 65536 NEXT 1048576 MINEXTENTS 1 MAXEXTENTS 2147483645
  PCTINCREASE 0 FREELISTS 1 FREELIST GROUPS 1
  BUFFER_POOL DEFAULT FLASH_CACHE DEFAULT CELL_FLASH_CACHE DEFAULT)
  TABLESPACE "USERS" ;
--------------------------------------------------------
--  DDL for Index SYS_C008880
--------------------------------------------------------

  CREATE UNIQUE INDEX "UACH_AS"."SYS_C008880" ON "UACH_AS"."ALUMNOS" ("MATRICULA") 
  PCTFREE 10 INITRANS 2 MAXTRANS 255 COMPUTE STATISTICS 
  STORAGE(INITIAL 65536 NEXT 1048576 MINEXTENTS 1 MAXEXTENTS 2147483645
  PCTINCREASE 0 FREELISTS 1 FREELIST GROUPS 1
  BUFFER_POOL DEFAULT FLASH_CACHE DEFAULT CELL_FLASH_CACHE DEFAULT)
  TABLESPACE "USERS" ;
--------------------------------------------------------
--  DDL for Index SYS_C008883
--------------------------------------------------------

  CREATE UNIQUE INDEX "UACH_AS"."SYS_C008883" ON "UACH_AS"."HORARIOS" ("ID_HORARIO") 
  PCTFREE 10 INITRANS 2 MAXTRANS 255 COMPUTE STATISTICS 
  STORAGE(INITIAL 65536 NEXT 1048576 MINEXTENTS 1 MAXEXTENTS 2147483645
  PCTINCREASE 0 FREELISTS 1 FREELIST GROUPS 1
  BUFFER_POOL DEFAULT FLASH_CACHE DEFAULT CELL_FLASH_CACHE DEFAULT)
  TABLESPACE "USERS" ;
--------------------------------------------------------
--  DDL for Index SYS_C008884
--------------------------------------------------------

  CREATE UNIQUE INDEX "UACH_AS"."SYS_C008884" ON "UACH_AS"."DOCENTE_HORARIO" ("ID_DOCENTE_HORARIO") 
  PCTFREE 10 INITRANS 2 MAXTRANS 255 COMPUTE STATISTICS 
  STORAGE(INITIAL 65536 NEXT 1048576 MINEXTENTS 1 MAXEXTENTS 2147483645
  PCTINCREASE 0 FREELISTS 1 FREELIST GROUPS 1
  BUFFER_POOL DEFAULT FLASH_CACHE DEFAULT CELL_FLASH_CACHE DEFAULT)
  TABLESPACE "USERS" ;
--------------------------------------------------------
--  DDL for Index SYS_C008887
--------------------------------------------------------

  CREATE UNIQUE INDEX "UACH_AS"."SYS_C008887" ON "UACH_AS"."ASESORIAS" ("ID_AS") 
  PCTFREE 10 INITRANS 2 MAXTRANS 255 COMPUTE STATISTICS 
  STORAGE(INITIAL 65536 NEXT 1048576 MINEXTENTS 1 MAXEXTENTS 2147483645
  PCTINCREASE 0 FREELISTS 1 FREELIST GROUPS 1
  BUFFER_POOL DEFAULT FLASH_CACHE DEFAULT CELL_FLASH_CACHE DEFAULT)
  TABLESPACE "USERS" ;
--------------------------------------------------------
--  DDL for Index SYS_C008892
--------------------------------------------------------

  CREATE UNIQUE INDEX "UACH_AS"."SYS_C008892" ON "UACH_AS"."ADMINISTRADOR" ("ADMIN_ID") 
  PCTFREE 10 INITRANS 2 MAXTRANS 255 COMPUTE STATISTICS 
  STORAGE(INITIAL 65536 NEXT 1048576 MINEXTENTS 1 MAXEXTENTS 2147483645
  PCTINCREASE 0 FREELISTS 1 FREELIST GROUPS 1
  BUFFER_POOL DEFAULT FLASH_CACHE DEFAULT CELL_FLASH_CACHE DEFAULT)
  TABLESPACE "USERS" ;
--------------------------------------------------------
--  DDL for Index SYS_C008939
--------------------------------------------------------

  CREATE UNIQUE INDEX "UACH_AS"."SYS_C008939" ON "UACH_AS"."RESPONSES" ("ID") 
  PCTFREE 10 INITRANS 2 MAXTRANS 255 
  STORAGE(INITIAL 65536 NEXT 1048576 MINEXTENTS 1 MAXEXTENTS 2147483645
  PCTINCREASE 0 FREELISTS 1 FREELIST GROUPS 1
  BUFFER_POOL DEFAULT FLASH_CACHE DEFAULT CELL_FLASH_CACHE DEFAULT)
  TABLESPACE "USERS" ;
--------------------------------------------------------
--  DDL for Index SYS_C008892
--------------------------------------------------------

  CREATE UNIQUE INDEX "UACH_AS"."SYS_C008892" ON "UACH_AS"."ADMINISTRADOR" ("ADMIN_ID") 
  PCTFREE 10 INITRANS 2 MAXTRANS 255 COMPUTE STATISTICS 
  STORAGE(INITIAL 65536 NEXT 1048576 MINEXTENTS 1 MAXEXTENTS 2147483645
  PCTINCREASE 0 FREELISTS 1 FREELIST GROUPS 1
  BUFFER_POOL DEFAULT FLASH_CACHE DEFAULT CELL_FLASH_CACHE DEFAULT)
  TABLESPACE "USERS" ;
--------------------------------------------------------
--  DDL for Index SYS_C008880
--------------------------------------------------------

  CREATE UNIQUE INDEX "UACH_AS"."SYS_C008880" ON "UACH_AS"."ALUMNOS" ("MATRICULA") 
  PCTFREE 10 INITRANS 2 MAXTRANS 255 COMPUTE STATISTICS 
  STORAGE(INITIAL 65536 NEXT 1048576 MINEXTENTS 1 MAXEXTENTS 2147483645
  PCTINCREASE 0 FREELISTS 1 FREELIST GROUPS 1
  BUFFER_POOL DEFAULT FLASH_CACHE DEFAULT CELL_FLASH_CACHE DEFAULT)
  TABLESPACE "USERS" ;
--------------------------------------------------------
--  DDL for Index SYS_C008887
--------------------------------------------------------

  CREATE UNIQUE INDEX "UACH_AS"."SYS_C008887" ON "UACH_AS"."ASESORIAS" ("ID_AS") 
  PCTFREE 10 INITRANS 2 MAXTRANS 255 COMPUTE STATISTICS 
  STORAGE(INITIAL 65536 NEXT 1048576 MINEXTENTS 1 MAXEXTENTS 2147483645
  PCTINCREASE 0 FREELISTS 1 FREELIST GROUPS 1
  BUFFER_POOL DEFAULT FLASH_CACHE DEFAULT CELL_FLASH_CACHE DEFAULT)
  TABLESPACE "USERS" ;
--------------------------------------------------------
--  DDL for Index SYS_C008865
--------------------------------------------------------

  CREATE UNIQUE INDEX "UACH_AS"."SYS_C008865" ON "UACH_AS"."CARRERA" ("ID_CARRERA") 
  PCTFREE 10 INITRANS 2 MAXTRANS 255 COMPUTE STATISTICS 
  STORAGE(INITIAL 65536 NEXT 1048576 MINEXTENTS 1 MAXEXTENTS 2147483645
  PCTINCREASE 0 FREELISTS 1 FREELIST GROUPS 1
  BUFFER_POOL DEFAULT FLASH_CACHE DEFAULT CELL_FLASH_CACHE DEFAULT)
  TABLESPACE "USERS" ;
--------------------------------------------------------
--  DDL for Index SYS_C008884
--------------------------------------------------------

  CREATE UNIQUE INDEX "UACH_AS"."SYS_C008884" ON "UACH_AS"."DOCENTE_HORARIO" ("ID_DOCENTE_HORARIO") 
  PCTFREE 10 INITRANS 2 MAXTRANS 255 COMPUTE STATISTICS 
  STORAGE(INITIAL 65536 NEXT 1048576 MINEXTENTS 1 MAXEXTENTS 2147483645
  PCTINCREASE 0 FREELISTS 1 FREELIST GROUPS 1
  BUFFER_POOL DEFAULT FLASH_CACHE DEFAULT CELL_FLASH_CACHE DEFAULT)
  TABLESPACE "USERS" ;
--------------------------------------------------------
--  DDL for Index SYS_C008873
--------------------------------------------------------

  CREATE UNIQUE INDEX "UACH_AS"."SYS_C008873" ON "UACH_AS"."DOCENTE_MATERIA" ("ID_MATERIA", "ID_DOCENTE") 
  PCTFREE 10 INITRANS 2 MAXTRANS 255 COMPUTE STATISTICS 
  STORAGE(INITIAL 65536 NEXT 1048576 MINEXTENTS 1 MAXEXTENTS 2147483645
  PCTINCREASE 0 FREELISTS 1 FREELIST GROUPS 1
  BUFFER_POOL DEFAULT FLASH_CACHE DEFAULT CELL_FLASH_CACHE DEFAULT)
  TABLESPACE "USERS" ;
--------------------------------------------------------
--  DDL for Index SYS_C008870
--------------------------------------------------------

  CREATE UNIQUE INDEX "UACH_AS"."SYS_C008870" ON "UACH_AS"."DOCENTES" ("ID_DOCENTE") 
  PCTFREE 10 INITRANS 2 MAXTRANS 255 COMPUTE STATISTICS 
  STORAGE(INITIAL 65536 NEXT 1048576 MINEXTENTS 1 MAXEXTENTS 2147483645
  PCTINCREASE 0 FREELISTS 1 FREELIST GROUPS 1
  BUFFER_POOL DEFAULT FLASH_CACHE DEFAULT CELL_FLASH_CACHE DEFAULT)
  TABLESPACE "USERS" ;
--------------------------------------------------------
--  DDL for Index SYS_C008883
--------------------------------------------------------

  CREATE UNIQUE INDEX "UACH_AS"."SYS_C008883" ON "UACH_AS"."HORARIOS" ("ID_HORARIO") 
  PCTFREE 10 INITRANS 2 MAXTRANS 255 COMPUTE STATISTICS 
  STORAGE(INITIAL 65536 NEXT 1048576 MINEXTENTS 1 MAXEXTENTS 2147483645
  PCTINCREASE 0 FREELISTS 1 FREELIST GROUPS 1
  BUFFER_POOL DEFAULT FLASH_CACHE DEFAULT CELL_FLASH_CACHE DEFAULT)
  TABLESPACE "USERS" ;
--------------------------------------------------------
--  DDL for Index SYS_C008867
--------------------------------------------------------

  CREATE UNIQUE INDEX "UACH_AS"."SYS_C008867" ON "UACH_AS"."MATERIAS" ("ID_MATERIA") 
  PCTFREE 10 INITRANS 2 MAXTRANS 255 COMPUTE STATISTICS 
  STORAGE(INITIAL 65536 NEXT 1048576 MINEXTENTS 1 MAXEXTENTS 2147483645
  PCTINCREASE 0 FREELISTS 1 FREELIST GROUPS 1
  BUFFER_POOL DEFAULT FLASH_CACHE DEFAULT CELL_FLASH_CACHE DEFAULT)
  TABLESPACE "USERS" ;
--------------------------------------------------------
--  DDL for Index SYS_C008877
--------------------------------------------------------

  CREATE UNIQUE INDEX "UACH_AS"."SYS_C008877" ON "UACH_AS"."POSTS" ("ID") 
  PCTFREE 10 INITRANS 2 MAXTRANS 255 COMPUTE STATISTICS 
  STORAGE(INITIAL 65536 NEXT 1048576 MINEXTENTS 1 MAXEXTENTS 2147483645
  PCTINCREASE 0 FREELISTS 1 FREELIST GROUPS 1
  BUFFER_POOL DEFAULT FLASH_CACHE DEFAULT CELL_FLASH_CACHE DEFAULT)
  TABLESPACE "USERS" ;
--------------------------------------------------------
--  DDL for Index SYS_C008939
--------------------------------------------------------

  CREATE UNIQUE INDEX "UACH_AS"."SYS_C008939" ON "UACH_AS"."RESPONSES" ("ID") 
  PCTFREE 10 INITRANS 2 MAXTRANS 255 
  STORAGE(INITIAL 65536 NEXT 1048576 MINEXTENTS 1 MAXEXTENTS 2147483645
  PCTINCREASE 0 FREELISTS 1 FREELIST GROUPS 1
  BUFFER_POOL DEFAULT FLASH_CACHE DEFAULT CELL_FLASH_CACHE DEFAULT)
  TABLESPACE "USERS" ;
--------------------------------------------------------
--  DDL for Index SYS_C008866
--------------------------------------------------------

  CREATE UNIQUE INDEX "UACH_AS"."SYS_C008866" ON "UACH_AS"."SEMESTRE" ("ID") 
  PCTFREE 10 INITRANS 2 MAXTRANS 255 COMPUTE STATISTICS 
  STORAGE(INITIAL 65536 NEXT 1048576 MINEXTENTS 1 MAXEXTENTS 2147483645
  PCTINCREASE 0 FREELISTS 1 FREELIST GROUPS 1
  BUFFER_POOL DEFAULT FLASH_CACHE DEFAULT CELL_FLASH_CACHE DEFAULT)
  TABLESPACE "USERS" ;
--------------------------------------------------------
--  DDL for Index SYS_C008876
--------------------------------------------------------

  CREATE UNIQUE INDEX "UACH_AS"."SYS_C008876" ON "UACH_AS"."USUARIOS" ("ID_USER") 
  PCTFREE 10 INITRANS 2 MAXTRANS 255 COMPUTE STATISTICS 
  STORAGE(INITIAL 65536 NEXT 1048576 MINEXTENTS 1 MAXEXTENTS 2147483645
  PCTINCREASE 0 FREELISTS 1 FREELIST GROUPS 1
  BUFFER_POOL DEFAULT FLASH_CACHE DEFAULT CELL_FLASH_CACHE DEFAULT)
  TABLESPACE "USERS" ;
--------------------------------------------------------
--  DDL for Trigger POSTS_BI
--------------------------------------------------------

  CREATE OR REPLACE EDITIONABLE TRIGGER "UACH_AS"."POSTS_BI" 
BEFORE INSERT ON POSTS
FOR EACH ROW
 WHEN (NEW.ID IS NULL) BEGIN
  :NEW.ID := POSTS_SEQ.NEXTVAL;
END;
/
ALTER TRIGGER "UACH_AS"."POSTS_BI" ENABLE;
--------------------------------------------------------
--  DDL for Trigger TRG_ASESORIAS_ID
--------------------------------------------------------

  CREATE OR REPLACE EDITIONABLE TRIGGER "UACH_AS"."TRG_ASESORIAS_ID" 
BEFORE INSERT ON asesorias
FOR EACH ROW
 WHEN (NEW.id_as IS NULL) BEGIN
  :NEW.id_as := asesorias_seq.NEXTVAL;
END;
/
ALTER TRIGGER "UACH_AS"."TRG_ASESORIAS_ID" ENABLE;
--------------------------------------------------------
--  DDL for Trigger TRG_DOC_HOR_ID
--------------------------------------------------------

  CREATE OR REPLACE EDITIONABLE TRIGGER "UACH_AS"."TRG_DOC_HOR_ID" 
BEFORE INSERT ON docente_horario
FOR EACH ROW
 WHEN (NEW.id_docente_horario IS NULL) BEGIN
  :NEW.id_docente_horario := docente_horario_seq.NEXTVAL;
END;
/
ALTER TRIGGER "UACH_AS"."TRG_DOC_HOR_ID" ENABLE;
--------------------------------------------------------
--  DDL for Trigger TRG_POSTS_ID
--------------------------------------------------------

  CREATE OR REPLACE EDITIONABLE TRIGGER "UACH_AS"."TRG_POSTS_ID" 
BEFORE INSERT ON posts
FOR EACH ROW
BEGIN
  IF :NEW.id IS NULL THEN
    SELECT POSTS_SEQ.NEXTVAL INTO :NEW.id FROM dual;
  END IF;
END;
/
ALTER TRIGGER "UACH_AS"."TRG_POSTS_ID" ENABLE;
--------------------------------------------------------
--  DDL for Trigger TRG_ASESORIAS_ID
--------------------------------------------------------

  CREATE OR REPLACE EDITIONABLE TRIGGER "UACH_AS"."TRG_ASESORIAS_ID" 
BEFORE INSERT ON asesorias
FOR EACH ROW
 WHEN (NEW.id_as IS NULL) BEGIN
  :NEW.id_as := asesorias_seq.NEXTVAL;
END;
/
ALTER TRIGGER "UACH_AS"."TRG_ASESORIAS_ID" ENABLE;
--------------------------------------------------------
--  DDL for Trigger TRG_DOC_HOR_ID
--------------------------------------------------------

  CREATE OR REPLACE EDITIONABLE TRIGGER "UACH_AS"."TRG_DOC_HOR_ID" 
BEFORE INSERT ON docente_horario
FOR EACH ROW
 WHEN (NEW.id_docente_horario IS NULL) BEGIN
  :NEW.id_docente_horario := docente_horario_seq.NEXTVAL;
END;
/
ALTER TRIGGER "UACH_AS"."TRG_DOC_HOR_ID" ENABLE;
--------------------------------------------------------
--  DDL for Trigger POSTS_BI
--------------------------------------------------------

  CREATE OR REPLACE EDITIONABLE TRIGGER "UACH_AS"."POSTS_BI" 
BEFORE INSERT ON POSTS
FOR EACH ROW
 WHEN (NEW.ID IS NULL) BEGIN
  :NEW.ID := POSTS_SEQ.NEXTVAL;
END;
/
ALTER TRIGGER "UACH_AS"."POSTS_BI" ENABLE;
--------------------------------------------------------
--  DDL for Trigger TRG_POSTS_ID
--------------------------------------------------------

  CREATE OR REPLACE EDITIONABLE TRIGGER "UACH_AS"."TRG_POSTS_ID" 
BEFORE INSERT ON posts
FOR EACH ROW
BEGIN
  IF :NEW.id IS NULL THEN
    SELECT POSTS_SEQ.NEXTVAL INTO :NEW.id FROM dual;
  END IF;
END;
/
ALTER TRIGGER "UACH_AS"."TRG_POSTS_ID" ENABLE;
--------------------------------------------------------
--  Constraints for Table ADMINISTRADOR
--------------------------------------------------------

  ALTER TABLE "UACH_AS"."ADMINISTRADOR" ADD PRIMARY KEY ("ADMIN_ID")
  USING INDEX PCTFREE 10 INITRANS 2 MAXTRANS 255 COMPUTE STATISTICS 
  STORAGE(INITIAL 65536 NEXT 1048576 MINEXTENTS 1 MAXEXTENTS 2147483645
  PCTINCREASE 0 FREELISTS 1 FREELIST GROUPS 1
  BUFFER_POOL DEFAULT FLASH_CACHE DEFAULT CELL_FLASH_CACHE DEFAULT)
  TABLESPACE "USERS"  ENABLE;
--------------------------------------------------------
--  Constraints for Table ALUMNOS
--------------------------------------------------------

  ALTER TABLE "UACH_AS"."ALUMNOS" ADD PRIMARY KEY ("MATRICULA")
  USING INDEX PCTFREE 10 INITRANS 2 MAXTRANS 255 COMPUTE STATISTICS 
  STORAGE(INITIAL 65536 NEXT 1048576 MINEXTENTS 1 MAXEXTENTS 2147483645
  PCTINCREASE 0 FREELISTS 1 FREELIST GROUPS 1
  BUFFER_POOL DEFAULT FLASH_CACHE DEFAULT CELL_FLASH_CACHE DEFAULT)
  TABLESPACE "USERS"  ENABLE;
--------------------------------------------------------
--  Constraints for Table ASESORIAS
--------------------------------------------------------

  ALTER TABLE "UACH_AS"."ASESORIAS" ADD PRIMARY KEY ("ID_AS")
  USING INDEX PCTFREE 10 INITRANS 2 MAXTRANS 255 COMPUTE STATISTICS 
  STORAGE(INITIAL 65536 NEXT 1048576 MINEXTENTS 1 MAXEXTENTS 2147483645
  PCTINCREASE 0 FREELISTS 1 FREELIST GROUPS 1
  BUFFER_POOL DEFAULT FLASH_CACHE DEFAULT CELL_FLASH_CACHE DEFAULT)
  TABLESPACE "USERS"  ENABLE;
--------------------------------------------------------
--  Constraints for Table CARRERA
--------------------------------------------------------

  ALTER TABLE "UACH_AS"."CARRERA" ADD PRIMARY KEY ("ID_CARRERA")
  USING INDEX PCTFREE 10 INITRANS 2 MAXTRANS 255 COMPUTE STATISTICS 
  STORAGE(INITIAL 65536 NEXT 1048576 MINEXTENTS 1 MAXEXTENTS 2147483645
  PCTINCREASE 0 FREELISTS 1 FREELIST GROUPS 1
  BUFFER_POOL DEFAULT FLASH_CACHE DEFAULT CELL_FLASH_CACHE DEFAULT)
  TABLESPACE "USERS"  ENABLE;
--------------------------------------------------------
--  Constraints for Table DOCENTE_HORARIO
--------------------------------------------------------

  ALTER TABLE "UACH_AS"."DOCENTE_HORARIO" ADD PRIMARY KEY ("ID_DOCENTE_HORARIO")
  USING INDEX PCTFREE 10 INITRANS 2 MAXTRANS 255 COMPUTE STATISTICS 
  STORAGE(INITIAL 65536 NEXT 1048576 MINEXTENTS 1 MAXEXTENTS 2147483645
  PCTINCREASE 0 FREELISTS 1 FREELIST GROUPS 1
  BUFFER_POOL DEFAULT FLASH_CACHE DEFAULT CELL_FLASH_CACHE DEFAULT)
  TABLESPACE "USERS"  ENABLE;
--------------------------------------------------------
--  Constraints for Table DOCENTE_MATERIA
--------------------------------------------------------

  ALTER TABLE "UACH_AS"."DOCENTE_MATERIA" ADD PRIMARY KEY ("ID_MATERIA", "ID_DOCENTE")
  USING INDEX PCTFREE 10 INITRANS 2 MAXTRANS 255 COMPUTE STATISTICS 
  STORAGE(INITIAL 65536 NEXT 1048576 MINEXTENTS 1 MAXEXTENTS 2147483645
  PCTINCREASE 0 FREELISTS 1 FREELIST GROUPS 1
  BUFFER_POOL DEFAULT FLASH_CACHE DEFAULT CELL_FLASH_CACHE DEFAULT)
  TABLESPACE "USERS"  ENABLE;
--------------------------------------------------------
--  Constraints for Table DOCENTES
--------------------------------------------------------

  ALTER TABLE "UACH_AS"."DOCENTES" ADD PRIMARY KEY ("ID_DOCENTE")
  USING INDEX PCTFREE 10 INITRANS 2 MAXTRANS 255 COMPUTE STATISTICS 
  STORAGE(INITIAL 65536 NEXT 1048576 MINEXTENTS 1 MAXEXTENTS 2147483645
  PCTINCREASE 0 FREELISTS 1 FREELIST GROUPS 1
  BUFFER_POOL DEFAULT FLASH_CACHE DEFAULT CELL_FLASH_CACHE DEFAULT)
  TABLESPACE "USERS"  ENABLE;
--------------------------------------------------------
--  Constraints for Table HORARIOS
--------------------------------------------------------

  ALTER TABLE "UACH_AS"."HORARIOS" ADD PRIMARY KEY ("ID_HORARIO")
  USING INDEX PCTFREE 10 INITRANS 2 MAXTRANS 255 COMPUTE STATISTICS 
  STORAGE(INITIAL 65536 NEXT 1048576 MINEXTENTS 1 MAXEXTENTS 2147483645
  PCTINCREASE 0 FREELISTS 1 FREELIST GROUPS 1
  BUFFER_POOL DEFAULT FLASH_CACHE DEFAULT CELL_FLASH_CACHE DEFAULT)
  TABLESPACE "USERS"  ENABLE;
--------------------------------------------------------
--  Constraints for Table MATERIAS
--------------------------------------------------------

  ALTER TABLE "UACH_AS"."MATERIAS" ADD PRIMARY KEY ("ID_MATERIA")
  USING INDEX PCTFREE 10 INITRANS 2 MAXTRANS 255 COMPUTE STATISTICS 
  STORAGE(INITIAL 65536 NEXT 1048576 MINEXTENTS 1 MAXEXTENTS 2147483645
  PCTINCREASE 0 FREELISTS 1 FREELIST GROUPS 1
  BUFFER_POOL DEFAULT FLASH_CACHE DEFAULT CELL_FLASH_CACHE DEFAULT)
  TABLESPACE "USERS"  ENABLE;
--------------------------------------------------------
--  Constraints for Table POSTS
--------------------------------------------------------

  ALTER TABLE "UACH_AS"."POSTS" ADD PRIMARY KEY ("ID")
  USING INDEX PCTFREE 10 INITRANS 2 MAXTRANS 255 COMPUTE STATISTICS 
  STORAGE(INITIAL 65536 NEXT 1048576 MINEXTENTS 1 MAXEXTENTS 2147483645
  PCTINCREASE 0 FREELISTS 1 FREELIST GROUPS 1
  BUFFER_POOL DEFAULT FLASH_CACHE DEFAULT CELL_FLASH_CACHE DEFAULT)
  TABLESPACE "USERS"  ENABLE;
--------------------------------------------------------
--  Constraints for Table RESPONSES
--------------------------------------------------------

  ALTER TABLE "UACH_AS"."RESPONSES" MODIFY ("ID" NOT NULL ENABLE);
  ALTER TABLE "UACH_AS"."RESPONSES" MODIFY ("AUTHOR" NOT NULL ENABLE);
  ALTER TABLE "UACH_AS"."RESPONSES" MODIFY ("ROLE" NOT NULL ENABLE);
  ALTER TABLE "UACH_AS"."RESPONSES" MODIFY ("CONTENT" NOT NULL ENABLE);
  ALTER TABLE "UACH_AS"."RESPONSES" ADD PRIMARY KEY ("ID")
  USING INDEX PCTFREE 10 INITRANS 2 MAXTRANS 255 
  STORAGE(INITIAL 65536 NEXT 1048576 MINEXTENTS 1 MAXEXTENTS 2147483645
  PCTINCREASE 0 FREELISTS 1 FREELIST GROUPS 1
  BUFFER_POOL DEFAULT FLASH_CACHE DEFAULT CELL_FLASH_CACHE DEFAULT)
  TABLESPACE "USERS"  ENABLE;
--------------------------------------------------------
--  Constraints for Table SEMESTRE
--------------------------------------------------------

  ALTER TABLE "UACH_AS"."SEMESTRE" ADD PRIMARY KEY ("ID")
  USING INDEX PCTFREE 10 INITRANS 2 MAXTRANS 255 COMPUTE STATISTICS 
  STORAGE(INITIAL 65536 NEXT 1048576 MINEXTENTS 1 MAXEXTENTS 2147483645
  PCTINCREASE 0 FREELISTS 1 FREELIST GROUPS 1
  BUFFER_POOL DEFAULT FLASH_CACHE DEFAULT CELL_FLASH_CACHE DEFAULT)
  TABLESPACE "USERS"  ENABLE;
--------------------------------------------------------
--  Constraints for Table USUARIOS
--------------------------------------------------------

  ALTER TABLE "UACH_AS"."USUARIOS" ADD PRIMARY KEY ("ID_USER")
  USING INDEX PCTFREE 10 INITRANS 2 MAXTRANS 255 COMPUTE STATISTICS 
  STORAGE(INITIAL 65536 NEXT 1048576 MINEXTENTS 1 MAXEXTENTS 2147483645
  PCTINCREASE 0 FREELISTS 1 FREELIST GROUPS 1
  BUFFER_POOL DEFAULT FLASH_CACHE DEFAULT CELL_FLASH_CACHE DEFAULT)
  TABLESPACE "USERS"  ENABLE;
--------------------------------------------------------
--  Ref Constraints for Table ALUMNOS
--------------------------------------------------------

  ALTER TABLE "UACH_AS"."ALUMNOS" ADD CONSTRAINT "FK_ALUMNO_CARRERA" FOREIGN KEY ("PROGRAMA")
	  REFERENCES "UACH_AS"."CARRERA" ("ID_CARRERA") ON DELETE SET NULL ENABLE;
  ALTER TABLE "UACH_AS"."ALUMNOS" ADD CONSTRAINT "FK_ALUMNO_SEMESTRE" FOREIGN KEY ("SEMESTRE")
	  REFERENCES "UACH_AS"."SEMESTRE" ("ID") ON DELETE SET NULL ENABLE;
--------------------------------------------------------
--  Ref Constraints for Table ASESORIAS
--------------------------------------------------------

  ALTER TABLE "UACH_AS"."ASESORIAS" ADD CONSTRAINT "FK_ASESORIA_ALUMNO" FOREIGN KEY ("ID_ALUMNO")
	  REFERENCES "UACH_AS"."ALUMNOS" ("MATRICULA") ON DELETE SET NULL ENABLE;
  ALTER TABLE "UACH_AS"."ASESORIAS" ADD CONSTRAINT "FK_ASESORIA_DOCENTE" FOREIGN KEY ("ID_DOCENTE")
	  REFERENCES "UACH_AS"."DOCENTES" ("ID_DOCENTE") ON DELETE SET NULL ENABLE;
  ALTER TABLE "UACH_AS"."ASESORIAS" ADD CONSTRAINT "FK_ASESORIA_MATERIA" FOREIGN KEY ("ID_MATERIA")
	  REFERENCES "UACH_AS"."MATERIAS" ("ID_MATERIA") ON DELETE SET NULL ENABLE;
  ALTER TABLE "UACH_AS"."ASESORIAS" ADD CONSTRAINT "FK_ASESORIA_DOC_HORARIO" FOREIGN KEY ("ID_DOCENTE_HORARIO")
	  REFERENCES "UACH_AS"."DOCENTE_HORARIO" ("ID_DOCENTE_HORARIO") ON DELETE SET NULL ENABLE;
--------------------------------------------------------
--  Ref Constraints for Table DOCENTE_HORARIO
--------------------------------------------------------

  ALTER TABLE "UACH_AS"."DOCENTE_HORARIO" ADD CONSTRAINT "FK_DOC_HORARIO_DOCENTE" FOREIGN KEY ("ID_DOCENTE")
	  REFERENCES "UACH_AS"."DOCENTES" ("ID_DOCENTE") ON DELETE SET NULL ENABLE;
  ALTER TABLE "UACH_AS"."DOCENTE_HORARIO" ADD CONSTRAINT "FK_DOC_HORARIO_HORARIO" FOREIGN KEY ("ID_HORARIO")
	  REFERENCES "UACH_AS"."HORARIOS" ("ID_HORARIO") ON DELETE SET NULL ENABLE;
--------------------------------------------------------
--  Ref Constraints for Table DOCENTE_MATERIA
--------------------------------------------------------

  ALTER TABLE "UACH_AS"."DOCENTE_MATERIA" ADD CONSTRAINT "FK_DOCENTE_MATERIA_DOCENTE" FOREIGN KEY ("ID_DOCENTE")
	  REFERENCES "UACH_AS"."DOCENTES" ("ID_DOCENTE") ENABLE;
  ALTER TABLE "UACH_AS"."DOCENTE_MATERIA" ADD CONSTRAINT "FK_DOCENTE_MATERIA_MATERIA" FOREIGN KEY ("ID_MATERIA")
	  REFERENCES "UACH_AS"."MATERIAS" ("ID_MATERIA") ENABLE;
--------------------------------------------------------
--  Ref Constraints for Table DOCENTES
--------------------------------------------------------

  ALTER TABLE "UACH_AS"."DOCENTES" ADD CONSTRAINT "FK_DOCENTE_CARRERA" FOREIGN KEY ("ID_CARRERA_MAT")
	  REFERENCES "UACH_AS"."CARRERA" ("ID_CARRERA") ON DELETE SET NULL ENABLE;
  ALTER TABLE "UACH_AS"."DOCENTES" ADD CONSTRAINT "FK_DOCENTE_MATERIA" FOREIGN KEY ("ID_MAT_AS")
	  REFERENCES "UACH_AS"."MATERIAS" ("ID_MATERIA") ON DELETE SET NULL ENABLE;
--------------------------------------------------------
--  Ref Constraints for Table MATERIAS
--------------------------------------------------------

  ALTER TABLE "UACH_AS"."MATERIAS" ADD CONSTRAINT "FK_MATERIAS_CARRERA" FOREIGN KEY ("N_CARR")
	  REFERENCES "UACH_AS"."CARRERA" ("ID_CARRERA") ON DELETE SET NULL ENABLE;
  ALTER TABLE "UACH_AS"."MATERIAS" ADD CONSTRAINT "FK_MATERIAS_SEMESTRE" FOREIGN KEY ("N_SEM")
	  REFERENCES "UACH_AS"."SEMESTRE" ("ID") ON DELETE SET NULL ENABLE;
--------------------------------------------------------
--  Ref Constraints for Table RESPONSES
--------------------------------------------------------

  ALTER TABLE "UACH_AS"."RESPONSES" ADD CONSTRAINT "FK_RESPONSES_POSTS" FOREIGN KEY ("POST_ID")
	  REFERENCES "UACH_AS"."POSTS" ("ID") ENABLE;
